date,type,v1,year,month,Mt
1995-01-01,bioenergywaste,0,1995,1,.14
1995-01-01,coal,0,1995,1,1.72
1995-01-01,natural,0,1995,1,8.6899996
1995-01-01,nuclear,0,1995,1,1.51
1995-01-01,petroleum,0,1995,1,12.44
1995-01-01,total,0,1995,1,24.5
1995-01-01,windsolarandhydro,0,1995,1,0
1995-02-01,bioenergywaste,1,1995,2,.14
1995-02-01,coal,1,1995,2,2.6700001
1995-02-01,natural,1,1995,2,7.1799998
1995-02-01,nuclear,1,1995,2,1.59
1995-02-01,petroleum,1,1995,2,11.59
1995-02-01,total,1,1995,2,23.17
1995-02-01,windsolarandhydro,1,1995,2,0
1995-03-01,bioenergywaste,2,1995,3,.14
1995-03-01,coal,2,1995,3,3.45
1995-03-01,natural,2,1995,3,7.7399998
1995-03-01,nuclear,2,1995,3,1.91
1995-03-01,petroleum,2,1995,3,12.73
1995-03-01,total,2,1995,3,25.969999
1995-03-01,windsolarandhydro,2,1995,3,0
1995-04-01,bioenergywaste,3,1995,4,.14
1995-04-01,coal,3,1995,4,2.3800001
1995-04-01,natural,3,1995,4,5.7800002
1995-04-01,nuclear,3,1995,4,1.78
1995-04-01,petroleum,3,1995,4,12.3
1995-04-01,total,3,1995,4,22.379999
1995-04-01,windsolarandhydro,3,1995,4,0
1995-05-01,bioenergywaste,4,1995,5,.14
1995-05-01,coal,4,1995,5,2.5799999
1995-05-01,natural,4,1995,5,4.8600001
1995-05-01,nuclear,4,1995,5,1.55
1995-05-01,petroleum,4,1995,5,11.32
1995-05-01,total,4,1995,5,20.450001
1995-05-01,windsolarandhydro,4,1995,5,0
1995-06-01,bioenergywaste,5,1995,6,.14
1995-06-01,coal,5,1995,6,3.21
1995-06-01,natural,5,1995,6,3.8699999
1995-06-01,nuclear,5,1995,6,1.99
1995-06-01,petroleum,5,1995,6,8.8999996
1995-06-01,total,5,1995,6,18.110001
1995-06-01,windsolarandhydro,5,1995,6,0
1995-07-01,bioenergywaste,6,1995,7,.14
1995-07-01,coal,6,1995,7,2.55
1995-07-01,natural,6,1995,7,3.4200001
1995-07-01,nuclear,6,1995,7,1.6900001
1995-07-01,petroleum,6,1995,7,11.83
1995-07-01,total,6,1995,7,19.629999
1995-07-01,windsolarandhydro,6,1995,7,0
1995-08-01,bioenergywaste,7,1995,8,.14
1995-08-01,coal,7,1995,8,2.21
1995-08-01,natural,7,1995,8,3.1900001
1995-08-01,nuclear,7,1995,8,1.6
1995-08-01,petroleum,7,1995,8,11.72
1995-08-01,total,7,1995,8,18.860001
1995-08-01,windsolarandhydro,7,1995,8,0
1995-09-01,bioenergywaste,8,1995,9,.14
1995-09-01,coal,8,1995,9,3.3499999
1995-09-01,natural,8,1995,9,4.1799998
1995-09-01,nuclear,8,1995,9,2
1995-09-01,petroleum,8,1995,9,12.05
1995-09-01,total,8,1995,9,21.719999
1995-09-01,windsolarandhydro,8,1995,9,0
1995-10-01,bioenergywaste,9,1995,10,.14
1995-10-01,coal,9,1995,10,2.5699999
1995-10-01,natural,9,1995,10,5.2800002
1995-10-01,nuclear,9,1995,10,1.6799999
1995-10-01,petroleum,9,1995,10,13.01
1995-10-01,total,9,1995,10,22.68
1995-10-01,windsolarandhydro,9,1995,10,0
1995-11-01,bioenergywaste,10,1995,11,.14
1995-11-01,coal,10,1995,11,2.6800001
1995-11-01,natural,10,1995,11,7.1399999
1995-11-01,nuclear,10,1995,11,1.72
1995-11-01,petroleum,10,1995,11,12.37
1995-11-01,total,10,1995,11,24.049999
1995-11-01,windsolarandhydro,10,1995,11,0
1995-12-01,bioenergywaste,11,1995,12,.14
1995-12-01,coal,11,1995,12,3.3800001
1995-12-01,natural,11,1995,12,9.46
1995-12-01,nuclear,11,1995,12,2.24
1995-12-01,petroleum,11,1995,12,12.48
1995-12-01,total,11,1995,12,27.700001
1995-12-01,windsolarandhydro,11,1995,12,0
1996-01-01,bioenergywaste,12,1996,1,.15000001
1996-01-01,coal,12,1996,1,2.27
1996-01-01,natural,12,1996,1,9.1700001
1996-01-01,nuclear,12,1996,1,1.8099999
1996-01-01,petroleum,12,1996,1,12.16
1996-01-01,total,12,1996,1,25.559999
1996-01-01,windsolarandhydro,12,1996,1,0
1996-02-01,bioenergywaste,13,1996,2,.15000001
1996-02-01,coal,13,1996,2,2.71
1996-02-01,natural,13,1996,2,9.1899996
1996-02-01,nuclear,13,1996,2,1.7
1996-02-01,petroleum,13,1996,2,11.48
1996-02-01,total,13,1996,2,25.23
1996-02-01,windsolarandhydro,13,1996,2,0
1996-03-01,bioenergywaste,14,1996,3,.15000001
1996-03-01,coal,14,1996,3,3.4100001
1996-03-01,natural,14,1996,3,9.0200005
1996-03-01,nuclear,14,1996,3,2.0699999
1996-03-01,petroleum,14,1996,3,12.01
1996-03-01,total,14,1996,3,26.66
1996-03-01,windsolarandhydro,14,1996,3,0
1996-04-01,bioenergywaste,15,1996,4,.15000001
1996-04-01,coal,15,1996,4,2.45
1996-04-01,natural,15,1996,4,6.6399999
1996-04-01,nuclear,15,1996,4,1.73
1996-04-01,petroleum,15,1996,4,11.37
1996-04-01,total,15,1996,4,22.34
1996-04-01,windsolarandhydro,15,1996,4,0
1996-05-01,bioenergywaste,16,1996,5,.15000001
1996-05-01,coal,16,1996,5,2.48
1996-05-01,natural,16,1996,5,6.3499999
1996-05-01,nuclear,16,1996,5,1.78
1996-05-01,petroleum,16,1996,5,11.77
1996-05-01,total,16,1996,5,22.530001
1996-05-01,windsolarandhydro,16,1996,5,0
1996-06-01,bioenergywaste,17,1996,6,.15000001
1996-06-01,coal,17,1996,6,2.9100001
1996-06-01,natural,17,1996,6,4.3600001
1996-06-01,nuclear,17,1996,6,2.02
1996-06-01,petroleum,17,1996,6,11.09
1996-06-01,total,17,1996,6,20.530001
1996-06-01,windsolarandhydro,17,1996,6,0
1996-07-01,bioenergywaste,18,1996,7,.15000001
1996-07-01,coal,18,1996,7,2.3499999
1996-07-01,natural,18,1996,7,4.3600001
1996-07-01,nuclear,18,1996,7,1.39
1996-07-01,petroleum,18,1996,7,11.72
1996-07-01,total,18,1996,7,19.969999
1996-07-01,windsolarandhydro,18,1996,7,0
1996-08-01,bioenergywaste,19,1996,8,.15000001
1996-08-01,coal,19,1996,8,1.97
1996-08-01,natural,19,1996,8,4.23
1996-08-01,nuclear,19,1996,8,1.42
1996-08-01,petroleum,19,1996,8,11.06
1996-08-01,total,19,1996,8,18.83
1996-08-01,windsolarandhydro,19,1996,8,0
1996-09-01,bioenergywaste,20,1996,9,.15000001
1996-09-01,coal,20,1996,9,2.8099999
1996-09-01,natural,20,1996,9,5.1799998
1996-09-01,nuclear,20,1996,9,2.0999999
1996-09-01,petroleum,20,1996,9,11.51
1996-09-01,total,20,1996,9,21.75
1996-09-01,windsolarandhydro,20,1996,9,0
1996-10-01,bioenergywaste,21,1996,10,.15000001
1996-10-01,coal,21,1996,10,2.5
1996-10-01,natural,21,1996,10,6.6799998
1996-10-01,nuclear,21,1996,10,1.77
1996-10-01,petroleum,21,1996,10,12.47
1996-10-01,total,21,1996,10,23.57
1996-10-01,windsolarandhydro,21,1996,10,0
1996-11-01,bioenergywaste,22,1996,11,.15000001
1996-11-01,coal,22,1996,11,2.5899999
1996-11-01,natural,22,1996,11,8.7600002
1996-11-01,nuclear,22,1996,11,1.9299999
1996-11-01,petroleum,22,1996,11,12.33
1996-11-01,total,22,1996,11,25.76
1996-11-01,windsolarandhydro,22,1996,11,0
1996-12-01,bioenergywaste,23,1996,12,.15000001
1996-12-01,coal,23,1996,12,2.7
1996-12-01,natural,23,1996,12,10.24
1996-12-01,nuclear,23,1996,12,2.46
1996-12-01,petroleum,23,1996,12,13.1
1996-12-01,total,23,1996,12,28.65
1996-12-01,windsolarandhydro,23,1996,12,0
1997-01-01,bioenergywaste,24,1997,1,.16
1997-01-01,coal,24,1997,1,2.22
1997-01-01,natural,24,1997,1,10.35
1997-01-01,nuclear,24,1997,1,1.84
1997-01-01,petroleum,24,1997,1,12.71
1997-01-01,total,24,1997,1,27.280001
1997-01-01,windsolarandhydro,24,1997,1,0
1997-02-01,bioenergywaste,25,1997,2,.16
1997-02-01,coal,25,1997,2,2.8299999
1997-02-01,natural,25,1997,2,8.6199999
1997-02-01,nuclear,25,1997,2,1.92
1997-02-01,petroleum,25,1997,2,11.32
1997-02-01,total,25,1997,2,24.85
1997-02-01,windsolarandhydro,25,1997,2,0
1997-03-01,bioenergywaste,26,1997,3,.16
1997-03-01,coal,26,1997,3,3.3499999
1997-03-01,natural,26,1997,3,8.0500002
1997-03-01,nuclear,26,1997,3,2.1400001
1997-03-01,petroleum,26,1997,3,12.16
1997-03-01,total,26,1997,3,25.860001
1997-03-01,windsolarandhydro,26,1997,3,0
1997-04-01,bioenergywaste,27,1997,4,.16
1997-04-01,coal,27,1997,4,2.5599999
1997-04-01,natural,27,1997,4,6.9899998
1997-04-01,nuclear,27,1997,4,1.77
1997-04-01,petroleum,27,1997,4,11.61
1997-04-01,total,27,1997,4,23.09
1997-04-01,windsolarandhydro,27,1997,4,0
1997-05-01,bioenergywaste,28,1997,5,.16
1997-05-01,coal,28,1997,5,2.48
1997-05-01,natural,28,1997,5,6.0100002
1997-05-01,nuclear,28,1997,5,1.85
1997-05-01,petroleum,28,1997,5,10.57
1997-05-01,total,28,1997,5,21.07
1997-05-01,windsolarandhydro,28,1997,5,0
1997-06-01,bioenergywaste,29,1997,6,.16
1997-06-01,coal,29,1997,6,2.8099999
1997-06-01,natural,29,1997,6,5.3200002
1997-06-01,nuclear,29,1997,6,2.1099999
1997-06-01,petroleum,29,1997,6,9.9300003
1997-06-01,total,29,1997,6,20.33
1997-06-01,windsolarandhydro,29,1997,6,0
1997-07-01,bioenergywaste,30,1997,7,.16
1997-07-01,coal,30,1997,7,2.4100001
1997-07-01,natural,30,1997,7,5.1900001
1997-07-01,nuclear,30,1997,7,1.6900001
1997-07-01,petroleum,30,1997,7,11.69
1997-07-01,total,30,1997,7,21.139999
1997-07-01,windsolarandhydro,30,1997,7,0
1997-08-01,bioenergywaste,31,1997,8,.16
1997-08-01,coal,31,1997,8,1.73
1997-08-01,natural,31,1997,8,4.8299999
1997-08-01,nuclear,31,1997,8,1.6
1997-08-01,petroleum,31,1997,8,11.48
1997-08-01,total,31,1997,8,19.799999
1997-08-01,windsolarandhydro,31,1997,8,0
1997-09-01,bioenergywaste,32,1997,9,.16
1997-09-01,coal,32,1997,9,2.71
1997-09-01,natural,32,1997,9,5.1900001
1997-09-01,nuclear,32,1997,9,1.78
1997-09-01,petroleum,32,1997,9,11.39
1997-09-01,total,32,1997,9,21.23
1997-09-01,windsolarandhydro,32,1997,9,0
1997-10-01,bioenergywaste,33,1997,10,.16
1997-10-01,coal,33,1997,10,2.28
1997-10-01,natural,33,1997,10,7.27
1997-10-01,nuclear,33,1997,10,1.48
1997-10-01,petroleum,33,1997,10,12.59
1997-10-01,total,33,1997,10,23.780001
1997-10-01,windsolarandhydro,33,1997,10,0
1997-11-01,bioenergywaste,34,1997,11,.16
1997-11-01,coal,34,1997,11,2.3599999
1997-11-01,natural,34,1997,11,8.6400003
1997-11-01,nuclear,34,1997,11,1.76
1997-11-01,petroleum,34,1997,11,11.95
1997-11-01,total,34,1997,11,24.870001
1997-11-01,windsolarandhydro,34,1997,11,0
1997-12-01,bioenergywaste,35,1997,12,.16
1997-12-01,coal,35,1997,12,2.5599999
1997-12-01,natural,35,1997,12,9.4200001
1997-12-01,nuclear,35,1997,12,2.05
1997-12-01,petroleum,35,1997,12,13.04
1997-12-01,total,35,1997,12,27.23
1997-12-01,windsolarandhydro,35,1997,12,0
1998-01-01,bioenergywaste,36,1998,1,.17
1998-01-01,coal,36,1998,1,1.78
1998-01-01,natural,36,1998,1,9.6999998
1998-01-01,nuclear,36,1998,1,1.99
1998-01-01,petroleum,36,1998,1,12.56
1998-01-01,total,36,1998,1,26.26
1998-01-01,windsolarandhydro,36,1998,1,.059999999
1998-02-01,bioenergywaste,37,1998,2,.17
1998-02-01,coal,37,1998,2,2.25
1998-02-01,natural,37,1998,2,8.1999998
1998-02-01,nuclear,37,1998,2,1.85
1998-02-01,petroleum,37,1998,2,11.27
1998-02-01,total,37,1998,2,23.790001
1998-02-01,windsolarandhydro,37,1998,2,.050000001
1998-03-01,bioenergywaste,38,1998,3,.17
1998-03-01,coal,38,1998,3,2.8399999
1998-03-01,natural,38,1998,3,8.6400003
1998-03-01,nuclear,38,1998,3,2.28
1998-03-01,petroleum,38,1998,3,12.51
1998-03-01,total,38,1998,3,26.51
1998-03-01,windsolarandhydro,38,1998,3,.07
1998-04-01,bioenergywaste,39,1998,4,.17
1998-04-01,coal,39,1998,4,2.04
1998-04-01,natural,39,1998,4,7.8299999
1998-04-01,nuclear,39,1998,4,1.76
1998-04-01,petroleum,39,1998,4,12.11
1998-04-01,total,39,1998,4,23.950001
1998-04-01,windsolarandhydro,39,1998,4,.039999999
1998-05-01,bioenergywaste,40,1998,5,.17
1998-05-01,coal,40,1998,5,2.05
1998-05-01,natural,40,1998,5,5.8899999
1998-05-01,nuclear,40,1998,5,1.71
1998-05-01,petroleum,40,1998,5,11.65
1998-05-01,total,40,1998,5,21.5
1998-05-01,windsolarandhydro,40,1998,5,.029999999
1998-06-01,bioenergywaste,41,1998,6,.17
1998-06-01,coal,41,1998,6,2.3299999
1998-06-01,natural,41,1998,6,5.79
1998-06-01,nuclear,41,1998,6,2.0999999
1998-06-01,petroleum,41,1998,6,11.16
1998-06-01,total,41,1998,6,21.57
1998-06-01,windsolarandhydro,41,1998,6,.02
1998-07-01,bioenergywaste,42,1998,7,.17
1998-07-01,coal,42,1998,7,2.0699999
1998-07-01,natural,42,1998,7,5.21
1998-07-01,nuclear,42,1998,7,1.5
1998-07-01,petroleum,42,1998,7,11.73
1998-07-01,total,42,1998,7,20.700001
1998-07-01,windsolarandhydro,42,1998,7,.02
1998-08-01,bioenergywaste,43,1998,8,.17
1998-08-01,coal,43,1998,8,1.45
1998-08-01,natural,43,1998,8,5.2600002
1998-08-01,nuclear,43,1998,8,1.6900001
1998-08-01,petroleum,43,1998,8,11.96
1998-08-01,total,43,1998,8,20.559999
1998-08-01,windsolarandhydro,43,1998,8,.029999999
1998-09-01,bioenergywaste,44,1998,9,.17
1998-09-01,coal,44,1998,9,2.3099999
1998-09-01,natural,44,1998,9,5.73
1998-09-01,nuclear,44,1998,9,2.22
1998-09-01,petroleum,44,1998,9,12.01
1998-09-01,total,44,1998,9,22.48
1998-09-01,windsolarandhydro,44,1998,9,.039999999
1998-10-01,bioenergywaste,45,1998,10,.17
1998-10-01,coal,45,1998,10,2.0599999
1998-10-01,natural,45,1998,10,7.9400001
1998-10-01,nuclear,45,1998,10,1.8200001
1998-10-01,petroleum,45,1998,10,12.53
1998-10-01,total,45,1998,10,24.549999
1998-10-01,windsolarandhydro,45,1998,10,.029999999
1998-11-01,bioenergywaste,46,1998,11,.17
1998-11-01,coal,46,1998,11,2.1700001
1998-11-01,natural,46,1998,11,9.6999998
1998-11-01,nuclear,46,1998,11,2.0699999
1998-11-01,petroleum,46,1998,11,12.26
1998-11-01,total,46,1998,11,26.43
1998-11-01,windsolarandhydro,46,1998,11,.059999999
1998-12-01,bioenergywaste,47,1998,12,.17
1998-12-01,coal,47,1998,12,2.4100001
1998-12-01,natural,47,1998,12,10.32
1998-12-01,nuclear,47,1998,12,2.45
1998-12-01,petroleum,47,1998,12,13.52
1998-12-01,total,47,1998,12,28.93
1998-12-01,windsolarandhydro,47,1998,12,.059999999
1999-01-01,bioenergywaste,48,1999,1,.19
1999-01-01,coal,48,1999,1,1.51
1999-01-01,natural,48,1999,1,10.49
1999-01-01,nuclear,48,1999,1,2.0599999
1999-01-01,petroleum,48,1999,1,12.82
1999-01-01,total,48,1999,1,27.129999
1999-01-01,windsolarandhydro,48,1999,1,.059999999
1999-02-01,bioenergywaste,49,1999,2,.19
1999-02-01,coal,49,1999,2,2.05
1999-02-01,natural,49,1999,2,9.5299997
1999-02-01,nuclear,49,1999,2,1.9299999
1999-02-01,petroleum,49,1999,2,11.75
1999-02-01,total,49,1999,2,25.5
1999-02-01,windsolarandhydro,49,1999,2,.050000001
1999-03-01,bioenergywaste,50,1999,3,.19
1999-03-01,coal,50,1999,3,2.55
1999-03-01,natural,50,1999,3,9.4700003
1999-03-01,nuclear,50,1999,3,2.1900001
1999-03-01,petroleum,50,1999,3,13.08
1999-03-01,total,50,1999,3,27.540001
1999-03-01,windsolarandhydro,50,1999,3,.059999999
1999-04-01,bioenergywaste,51,1999,4,.19
1999-04-01,coal,51,1999,4,1.77
1999-04-01,natural,51,1999,4,8.21
1999-04-01,nuclear,51,1999,4,1.73
1999-04-01,petroleum,51,1999,4,12.71
1999-04-01,total,51,1999,4,24.66
1999-04-01,windsolarandhydro,51,1999,4,.050000001
1999-05-01,bioenergywaste,52,1999,5,.19
1999-05-01,coal,52,1999,5,1.89
1999-05-01,natural,52,1999,5,6.7800002
1999-05-01,nuclear,52,1999,5,1.83
1999-05-01,petroleum,52,1999,5,12.12
1999-05-01,total,52,1999,5,22.84
1999-05-01,windsolarandhydro,52,1999,5,.029999999
1999-06-01,bioenergywaste,53,1999,6,.19
1999-06-01,coal,53,1999,6,2.27
1999-06-01,natural,53,1999,6,6.1300001
1999-06-01,nuclear,53,1999,6,2.24
1999-06-01,petroleum,53,1999,6,11.38
1999-06-01,total,53,1999,6,22.24
1999-06-01,windsolarandhydro,53,1999,6,.029999999
1999-07-01,bioenergywaste,54,1999,7,.19
1999-07-01,coal,54,1999,7,1.87
1999-07-01,natural,54,1999,7,6.23
1999-07-01,nuclear,54,1999,7,1.6
1999-07-01,petroleum,54,1999,7,12.64
1999-07-01,total,54,1999,7,22.559999
1999-07-01,windsolarandhydro,54,1999,7,.029999999
1999-08-01,bioenergywaste,55,1999,8,.19
1999-08-01,coal,55,1999,8,1.47
1999-08-01,natural,55,1999,8,5.96
1999-08-01,nuclear,55,1999,8,1.6900001
1999-08-01,petroleum,55,1999,8,12.7
1999-08-01,total,55,1999,8,22.030001
1999-08-01,windsolarandhydro,55,1999,8,.02
1999-09-01,bioenergywaste,56,1999,9,.19
1999-09-01,coal,56,1999,9,2.24
1999-09-01,natural,56,1999,9,6.3800001
1999-09-01,nuclear,56,1999,9,1.78
1999-09-01,petroleum,56,1999,9,12.25
1999-09-01,total,56,1999,9,22.870001
1999-09-01,windsolarandhydro,56,1999,9,.029999999
1999-10-01,bioenergywaste,57,1999,10,.19
1999-10-01,coal,57,1999,10,1.89
1999-10-01,natural,57,1999,10,8.5
1999-10-01,nuclear,57,1999,10,1.75
1999-10-01,petroleum,57,1999,10,13.02
1999-10-01,total,57,1999,10,25.389999
1999-10-01,windsolarandhydro,57,1999,10,.039999999
1999-11-01,bioenergywaste,58,1999,11,.19
1999-11-01,coal,58,1999,11,1.78
1999-11-01,natural,58,1999,11,9.9700003
1999-11-01,nuclear,58,1999,11,1.75
1999-11-01,petroleum,58,1999,11,12.94
1999-11-01,total,58,1999,11,26.68
1999-11-01,windsolarandhydro,58,1999,11,.050000001
1999-12-01,bioenergywaste,59,1999,12,.19
1999-12-01,coal,59,1999,12,1.9400001
1999-12-01,natural,59,1999,12,11.46
1999-12-01,nuclear,59,1999,12,1.86
1999-12-01,petroleum,59,1999,12,12.75
1999-12-01,total,59,1999,12,28.27
1999-12-01,windsolarandhydro,59,1999,12,.07
2000-01-01,bioenergywaste,60,2000,1,.19
2000-01-01,coal,60,2000,1,1.11
2000-01-01,natural,60,2000,1,11.16
2000-01-01,nuclear,60,2000,1,1.77
2000-01-01,petroleum,60,2000,1,12.99
2000-01-01,total,60,2000,1,27.290001
2000-01-01,windsolarandhydro,60,2000,1,.07
2000-02-01,bioenergywaste,61,2000,2,.19
2000-02-01,coal,61,2000,2,1.66
2000-02-01,natural,61,2000,2,10.41
2000-02-01,nuclear,61,2000,2,1.63
2000-02-01,petroleum,61,2000,2,11.82
2000-02-01,total,61,2000,2,25.780001
2000-02-01,windsolarandhydro,61,2000,2,.07
2000-03-01,bioenergywaste,62,2000,3,.19
2000-03-01,coal,62,2000,3,2.24
2000-03-01,natural,62,2000,3,10.83
2000-03-01,nuclear,62,2000,3,1.9
2000-03-01,petroleum,62,2000,3,12.67
2000-03-01,total,62,2000,3,27.889999
2000-03-01,windsolarandhydro,62,2000,3,.059999999
2000-04-01,bioenergywaste,63,2000,4,.19
2000-04-01,coal,63,2000,4,1.47
2000-04-01,natural,63,2000,4,10.09
2000-04-01,nuclear,63,2000,4,1.58
2000-04-01,petroleum,63,2000,4,11.7
2000-04-01,total,63,2000,4,25.07
2000-04-01,windsolarandhydro,63,2000,4,.039999999
2000-05-01,bioenergywaste,64,2000,5,.19
2000-05-01,coal,64,2000,5,1.49
2000-05-01,natural,64,2000,5,8.04
2000-05-01,nuclear,64,2000,5,1.66
2000-05-01,petroleum,64,2000,5,10.81
2000-05-01,total,64,2000,5,22.209999
2000-05-01,windsolarandhydro,64,2000,5,.02
2000-06-01,bioenergywaste,65,2000,6,.19
2000-06-01,coal,65,2000,6,2.0599999
2000-06-01,natural,65,2000,6,7.27
2000-06-01,nuclear,65,2000,6,1.63
2000-06-01,petroleum,65,2000,6,11.24
2000-06-01,total,65,2000,6,22.41
2000-06-01,windsolarandhydro,65,2000,6,.02
2000-07-01,bioenergywaste,66,2000,7,.19
2000-07-01,coal,66,2000,7,1.4
2000-07-01,natural,66,2000,7,6.8800001
2000-07-01,nuclear,66,2000,7,1.4400001
2000-07-01,petroleum,66,2000,7,11.66
2000-07-01,total,66,2000,7,21.59
2000-07-01,windsolarandhydro,66,2000,7,.02
2000-08-01,bioenergywaste,67,2000,8,.19
2000-08-01,coal,67,2000,8,1.1
2000-08-01,natural,67,2000,8,6.75
2000-08-01,nuclear,67,2000,8,1.54
2000-08-01,petroleum,67,2000,8,11.14
2000-08-01,total,67,2000,8,20.74
2000-08-01,windsolarandhydro,67,2000,8,.02
2000-09-01,bioenergywaste,68,2000,9,.19
2000-09-01,coal,68,2000,9,1.86
2000-09-01,natural,68,2000,9,7.27
2000-09-01,nuclear,68,2000,9,1.5599999
2000-09-01,petroleum,68,2000,9,10.53
2000-09-01,total,68,2000,9,21.440001
2000-09-01,windsolarandhydro,68,2000,9,.029999999
2000-10-01,bioenergywaste,69,2000,10,.19
2000-10-01,coal,69,2000,10,1.66
2000-10-01,natural,69,2000,10,8.9499998
2000-10-01,nuclear,69,2000,10,1.47
2000-10-01,petroleum,69,2000,10,10.78
2000-10-01,total,69,2000,10,23.1
2000-10-01,windsolarandhydro,69,2000,10,.050000001
2000-11-01,bioenergywaste,70,2000,11,.19
2000-11-01,coal,70,2000,11,1.6
2000-11-01,natural,70,2000,11,10.25
2000-11-01,nuclear,70,2000,11,1.62
2000-11-01,petroleum,70,2000,11,11.05
2000-11-01,total,70,2000,11,24.76
2000-11-01,windsolarandhydro,70,2000,11,.050000001
2000-12-01,bioenergywaste,71,2000,12,.19
2000-12-01,coal,71,2000,12,1.89
2000-12-01,natural,71,2000,12,10.51
2000-12-01,nuclear,71,2000,12,1.83
2000-12-01,petroleum,71,2000,12,11.9
2000-12-01,total,71,2000,12,26.379999
2000-12-01,windsolarandhydro,71,2000,12,.059999999
2001-01-01,bioenergywaste,72,2001,1,.20999999
2001-01-01,coal,72,2001,1,1.28
2001-01-01,natural,72,2001,1,11.08
2001-01-01,nuclear,72,2001,1,1.78
2001-01-01,petroleum,72,2001,1,11.08
2001-01-01,total,72,2001,1,25.469999
2001-01-01,windsolarandhydro,72,2001,1,.039999999
2001-02-01,bioenergywaste,73,2001,2,.20999999
2001-02-01,coal,73,2001,2,1.51
2001-02-01,natural,73,2001,2,9.5600004
2001-02-01,nuclear,73,2001,2,1.67
2001-02-01,petroleum,73,2001,2,9.9300003
2001-02-01,total,73,2001,2,22.92
2001-02-01,windsolarandhydro,73,2001,2,.039999999
2001-03-01,bioenergywaste,74,2001,3,.20999999
2001-03-01,coal,74,2001,3,1.99
2001-03-01,natural,74,2001,3,10.57
2001-03-01,nuclear,74,2001,3,1.8099999
2001-03-01,petroleum,74,2001,3,10.98
2001-03-01,total,74,2001,3,25.59
2001-03-01,windsolarandhydro,74,2001,3,.029999999
2001-04-01,bioenergywaste,75,2001,4,.20999999
2001-04-01,coal,75,2001,4,1.41
2001-04-01,natural,75,2001,4,9.8500004
2001-04-01,nuclear,75,2001,4,1.65
2001-04-01,petroleum,75,2001,4,10.69
2001-04-01,total,75,2001,4,23.84
2001-04-01,windsolarandhydro,75,2001,4,.029999999
2001-05-01,bioenergywaste,76,2001,5,.20999999
2001-05-01,coal,76,2001,5,1.7
2001-05-01,natural,76,2001,5,7.9400001
2001-05-01,nuclear,76,2001,5,1.46
2001-05-01,petroleum,76,2001,5,10.75
2001-05-01,total,76,2001,5,22.08
2001-05-01,windsolarandhydro,76,2001,5,.02
2001-06-01,bioenergywaste,77,2001,6,.20999999
2001-06-01,coal,77,2001,6,2.05
2001-06-01,natural,77,2001,6,7.1599998
2001-06-01,nuclear,77,2001,6,1.55
2001-06-01,petroleum,77,2001,6,9.6099997
2001-06-01,total,77,2001,6,20.6
2001-06-01,windsolarandhydro,77,2001,6,.02
2001-07-01,bioenergywaste,78,2001,7,.20999999
2001-07-01,coal,78,2001,7,1.48
2001-07-01,natural,78,2001,7,7.1799998
2001-07-01,nuclear,78,2001,7,1.59
2001-07-01,petroleum,78,2001,7,10.63
2001-07-01,total,78,2001,7,21.110001
2001-07-01,windsolarandhydro,78,2001,7,.02
2001-08-01,bioenergywaste,79,2001,8,.20999999
2001-08-01,coal,79,2001,8,1.27
2001-08-01,natural,79,2001,8,6.6700001
2001-08-01,nuclear,79,2001,8,1.74
2001-08-01,petroleum,79,2001,8,10.4
2001-08-01,total,79,2001,8,20.32
2001-08-01,windsolarandhydro,79,2001,8,.029999999
2001-09-01,bioenergywaste,80,2001,9,.20999999
2001-09-01,coal,80,2001,9,2.0599999
2001-09-01,natural,80,2001,9,7.5100002
2001-09-01,nuclear,80,2001,9,1.84
2001-09-01,petroleum,80,2001,9,10.01
2001-09-01,total,80,2001,9,21.66
2001-09-01,windsolarandhydro,80,2001,9,.029999999
2001-10-01,bioenergywaste,81,2001,10,.20999999
2001-10-01,coal,81,2001,10,1.79
2001-10-01,natural,81,2001,10,8.1199999
2001-10-01,nuclear,81,2001,10,1.83
2001-10-01,petroleum,81,2001,10,11.15
2001-10-01,total,81,2001,10,23.16
2001-10-01,windsolarandhydro,81,2001,10,.059999999
2001-11-01,bioenergywaste,82,2001,11,.20999999
2001-11-01,coal,82,2001,11,1.73
2001-11-01,natural,82,2001,11,9.5200005
2001-11-01,nuclear,82,2001,11,1.8200001
2001-11-01,petroleum,82,2001,11,10.83
2001-11-01,total,82,2001,11,24.17
2001-11-01,windsolarandhydro,82,2001,11,.059999999
2001-12-01,bioenergywaste,83,2001,12,.20999999
2001-12-01,coal,83,2001,12,1.6900001
2001-12-01,natural,83,2001,12,10.72
2001-12-01,nuclear,83,2001,12,2.0599999
2001-12-01,petroleum,83,2001,12,11.78
2001-12-01,total,83,2001,12,26.51
2001-12-01,windsolarandhydro,83,2001,12,.050000001
2002-01-01,bioenergywaste,84,2002,1,.23
2002-01-01,coal,84,2002,1,1.45
2002-01-01,natural,84,2002,1,10.2
2002-01-01,nuclear,84,2002,1,1.76
2002-01-01,petroleum,84,2002,1,11.56
2002-01-01,total,84,2002,1,25.26
2002-01-01,windsolarandhydro,84,2002,1,.059999999
2002-02-01,bioenergywaste,85,2002,2,.23
2002-02-01,coal,85,2002,2,1.6799999
2002-02-01,natural,85,2002,2,8.8100004
2002-02-01,nuclear,85,2002,2,1.79
2002-02-01,petroleum,85,2002,2,10.07
2002-02-01,total,85,2002,2,22.65
2002-02-01,windsolarandhydro,85,2002,2,.07
2002-03-01,bioenergywaste,86,2002,3,.23
2002-03-01,coal,86,2002,3,2.1900001
2002-03-01,natural,86,2002,3,9.6899996
2002-03-01,nuclear,86,2002,3,2.0699999
2002-03-01,petroleum,86,2002,3,10.86
2002-03-01,total,86,2002,3,25.1
2002-03-01,windsolarandhydro,86,2002,3,.059999999
2002-04-01,bioenergywaste,87,2002,4,.23
2002-04-01,coal,87,2002,4,1.46
2002-04-01,natural,87,2002,4,9.1899996
2002-04-01,nuclear,87,2002,4,1.71
2002-04-01,petroleum,87,2002,4,10.77
2002-04-01,total,87,2002,4,23.4
2002-04-01,windsolarandhydro,87,2002,4,.039999999
2002-05-01,bioenergywaste,88,2002,5,.23
2002-05-01,coal,88,2002,5,1.48
2002-05-01,natural,88,2002,5,8.75
2002-05-01,nuclear,88,2002,5,1.42
2002-05-01,petroleum,88,2002,5,10.98
2002-05-01,total,88,2002,5,22.9
2002-05-01,windsolarandhydro,88,2002,5,.039999999
2002-06-01,bioenergywaste,89,2002,6,.23
2002-06-01,coal,89,2002,6,1.6799999
2002-06-01,natural,89,2002,6,7.4899998
2002-06-01,nuclear,89,2002,6,1.8
2002-06-01,petroleum,89,2002,6,10.6
2002-06-01,total,89,2002,6,21.84
2002-06-01,windsolarandhydro,89,2002,6,.039999999
2002-07-01,bioenergywaste,90,2002,7,.23
2002-07-01,coal,90,2002,7,1.3099999
2002-07-01,natural,90,2002,7,6.23
2002-07-01,nuclear,90,2002,7,1.49
2002-07-01,petroleum,90,2002,7,9.71
2002-07-01,total,90,2002,7,19
2002-07-01,windsolarandhydro,90,2002,7,.029999999
2002-08-01,bioenergywaste,91,2002,8,.23
2002-08-01,coal,91,2002,8,1.14
2002-08-01,natural,91,2002,8,6.6199999
2002-08-01,nuclear,91,2002,8,1.55
2002-08-01,petroleum,91,2002,8,9.21
2002-08-01,total,91,2002,8,18.780001
2002-08-01,windsolarandhydro,91,2002,8,.029999999
2002-09-01,bioenergywaste,92,2002,9,.23
2002-09-01,coal,92,2002,9,1.77
2002-09-01,natural,92,2002,9,7.4400001
2002-09-01,nuclear,92,2002,9,1.6799999
2002-09-01,petroleum,92,2002,9,10.1
2002-09-01,total,92,2002,9,21.25
2002-09-01,windsolarandhydro,92,2002,9,.029999999
2002-10-01,bioenergywaste,93,2002,10,.23
2002-10-01,coal,93,2002,10,1.5599999
2002-10-01,natural,93,2002,10,9.4099998
2002-10-01,nuclear,93,2002,10,1.3200001
2002-10-01,petroleum,93,2002,10,11.01
2002-10-01,total,93,2002,10,23.559999
2002-10-01,windsolarandhydro,93,2002,10,.029999999
2002-11-01,bioenergywaste,94,2002,11,.23
2002-11-01,coal,94,2002,11,1.53
2002-11-01,natural,94,2002,11,9.46
2002-11-01,nuclear,94,2002,11,1.4400001
2002-11-01,petroleum,94,2002,11,10.61
2002-11-01,total,94,2002,11,23.32
2002-11-01,windsolarandhydro,94,2002,11,.050000001
2002-12-01,bioenergywaste,95,2002,12,.23
2002-12-01,coal,95,2002,12,1.5599999
2002-12-01,natural,95,2002,12,10.37
2002-12-01,nuclear,95,2002,12,2.0699999
2002-12-01,petroleum,95,2002,12,11.56
2002-12-01,total,95,2002,12,25.83
2002-12-01,windsolarandhydro,95,2002,12,.039999999
2003-01-01,bioenergywaste,96,2003,1,.25
2003-01-01,coal,96,2003,1,1.26
2003-01-01,natural,96,2003,1,10.37
2003-01-01,nuclear,96,2003,1,1.79
2003-01-01,petroleum,96,2003,1,10.76
2003-01-01,total,96,2003,1,24.469999
2003-01-01,windsolarandhydro,96,2003,1,.039999999
2003-02-01,bioenergywaste,97,2003,2,.25
2003-02-01,coal,97,2003,2,1.6
2003-02-01,natural,97,2003,2,9.5600004
2003-02-01,nuclear,97,2003,2,1.77
2003-02-01,petroleum,97,2003,2,9.9399996
2003-02-01,total,97,2003,2,23.16
2003-02-01,windsolarandhydro,97,2003,2,.039999999
2003-03-01,bioenergywaste,98,2003,3,.25
2003-03-01,coal,98,2003,3,2.03
2003-03-01,natural,98,2003,3,10.26
2003-03-01,nuclear,98,2003,3,1.98
2003-03-01,petroleum,98,2003,3,10.73
2003-03-01,total,98,2003,3,25.290001
2003-03-01,windsolarandhydro,98,2003,3,.039999999
2003-04-01,bioenergywaste,99,2003,4,.25
2003-04-01,coal,99,2003,4,1.34
2003-04-01,natural,99,2003,4,8.9899998
2003-04-01,nuclear,99,2003,4,1.61
2003-04-01,petroleum,99,2003,4,9.8299999
2003-04-01,total,99,2003,4,22.040001
2003-04-01,windsolarandhydro,99,2003,4,.02
2003-05-01,bioenergywaste,100,2003,5,.25
2003-05-01,coal,100,2003,5,1.4
2003-05-01,natural,100,2003,5,8.2299995
2003-05-01,nuclear,100,2003,5,1.58
2003-05-01,petroleum,100,2003,5,9.5900002
2003-05-01,total,100,2003,5,21.09
2003-05-01,windsolarandhydro,100,2003,5,.039999999
2003-06-01,bioenergywaste,101,2003,6,.25
2003-06-01,coal,101,2003,6,1.72
2003-06-01,natural,101,2003,6,7.1399999
2003-06-01,nuclear,101,2003,6,1.88
2003-06-01,petroleum,101,2003,6,9.1000004
2003-06-01,total,101,2003,6,20.110001
2003-06-01,windsolarandhydro,101,2003,6,.02
2003-07-01,bioenergywaste,102,2003,7,.25
2003-07-01,coal,102,2003,7,1.23
2003-07-01,natural,102,2003,7,7.1999998
2003-07-01,nuclear,102,2003,7,1.34
2003-07-01,petroleum,102,2003,7,9.75
2003-07-01,total,102,2003,7,19.790001
2003-07-01,windsolarandhydro,102,2003,7,.02
2003-08-01,bioenergywaste,103,2003,8,.25
2003-08-01,coal,103,2003,8,.98000002
2003-08-01,natural,103,2003,8,6.9699998
2003-08-01,nuclear,103,2003,8,1.41
2003-08-01,petroleum,103,2003,8,8.8000002
2003-08-01,total,103,2003,8,18.43
2003-08-01,windsolarandhydro,103,2003,8,.02
2003-09-01,bioenergywaste,104,2003,9,.25
2003-09-01,coal,104,2003,9,1.48
2003-09-01,natural,104,2003,9,6.8400002
2003-09-01,nuclear,104,2003,9,1.97
2003-09-01,petroleum,104,2003,9,8.79
2003-09-01,total,104,2003,9,19.35
2003-09-01,windsolarandhydro,104,2003,9,.02
2003-10-01,bioenergywaste,105,2003,10,.25
2003-10-01,coal,105,2003,10,1.47
2003-10-01,natural,105,2003,10,8.79
2003-10-01,nuclear,105,2003,10,1.4
2003-10-01,petroleum,105,2003,10,9.8199997
2003-10-01,total,105,2003,10,21.76
2003-10-01,windsolarandhydro,105,2003,10,.029999999
2003-11-01,bioenergywaste,106,2003,11,.25
2003-11-01,coal,106,2003,11,1.6
2003-11-01,natural,106,2003,11,9.0799999
2003-11-01,nuclear,106,2003,11,1.45
2003-11-01,petroleum,106,2003,11,9.2399998
2003-11-01,total,106,2003,11,21.66
2003-11-01,windsolarandhydro,106,2003,11,.039999999
2003-12-01,bioenergywaste,107,2003,12,.25
2003-12-01,coal,107,2003,12,1.53
2003-12-01,natural,107,2003,12,9.5500002
2003-12-01,nuclear,107,2003,12,1.87
2003-12-01,petroleum,107,2003,12,9.8800001
2003-12-01,total,107,2003,12,23.129999
2003-12-01,windsolarandhydro,107,2003,12,.050000001
2004-01-01,bioenergywaste,108,2004,1,.25999999
2004-01-01,coal,108,2004,1,1.0599999
2004-01-01,natural,108,2004,1,9.54
2004-01-01,nuclear,108,2004,1,1.63
2004-01-01,petroleum,108,2004,1,9.6400003
2004-01-01,total,108,2004,1,22.200001
2004-01-01,windsolarandhydro,108,2004,1,.07
2004-02-01,bioenergywaste,109,2004,2,.25999999
2004-02-01,coal,109,2004,2,1.3099999
2004-02-01,natural,109,2004,2,8.4799995
2004-02-01,nuclear,109,2004,2,1.62
2004-02-01,petroleum,109,2004,2,8.5100002
2004-02-01,total,109,2004,2,20.24
2004-02-01,windsolarandhydro,109,2004,2,.059999999
2004-03-01,bioenergywaste,110,2004,3,.25999999
2004-03-01,coal,110,2004,3,1.59
2004-03-01,natural,110,2004,3,9.3100004
2004-03-01,nuclear,110,2004,3,2.0899999
2004-03-01,petroleum,110,2004,3,9.7200003
2004-03-01,total,110,2004,3,23.02
2004-03-01,windsolarandhydro,110,2004,3,.050000001
2004-04-01,bioenergywaste,111,2004,4,.25999999
2004-04-01,coal,111,2004,4,1.02
2004-04-01,natural,111,2004,4,8.9499998
2004-04-01,nuclear,111,2004,4,1.4400001
2004-04-01,petroleum,111,2004,4,9.1300001
2004-04-01,total,111,2004,4,20.84
2004-04-01,windsolarandhydro,111,2004,4,.039999999
2004-05-01,bioenergywaste,112,2004,5,.25999999
2004-05-01,coal,112,2004,5,1.21
2004-05-01,natural,112,2004,5,7.96
2004-05-01,nuclear,112,2004,5,1.3099999
2004-05-01,petroleum,112,2004,5,8.6000004
2004-05-01,total,112,2004,5,19.370001
2004-05-01,windsolarandhydro,112,2004,5,.029999999
2004-06-01,bioenergywaste,113,2004,6,.25999999
2004-06-01,coal,113,2004,6,1.55
2004-06-01,natural,113,2004,6,7.3600001
2004-06-01,nuclear,113,2004,6,1.47
2004-06-01,petroleum,113,2004,6,8.9499998
2004-06-01,total,113,2004,6,19.620001
2004-06-01,windsolarandhydro,113,2004,6,.029999999
2004-07-01,bioenergywaste,114,2004,7,.25999999
2004-07-01,coal,114,2004,7,1.3200001
2004-07-01,natural,114,2004,7,7.3800001
2004-07-01,nuclear,114,2004,7,1.46
2004-07-01,petroleum,114,2004,7,8.9899998
2004-07-01,total,114,2004,7,19.440001
2004-07-01,windsolarandhydro,114,2004,7,.029999999
2004-08-01,bioenergywaste,115,2004,8,.25999999
2004-08-01,coal,115,2004,8,1.01
2004-08-01,natural,115,2004,8,6.2199998
2004-08-01,nuclear,115,2004,8,1.38
2004-08-01,petroleum,115,2004,8,7.8899999
2004-08-01,total,115,2004,8,16.799999
2004-08-01,windsolarandhydro,115,2004,8,.039999999
2004-09-01,bioenergywaste,116,2004,9,.25999999
2004-09-01,coal,116,2004,9,1.4
2004-09-01,natural,116,2004,9,5.7600002
2004-09-01,nuclear,116,2004,9,1.4
2004-09-01,petroleum,116,2004,9,7.3299999
2004-09-01,total,116,2004,9,16.200001
2004-09-01,windsolarandhydro,116,2004,9,.050000001
2004-10-01,bioenergywaste,117,2004,10,.25999999
2004-10-01,coal,117,2004,10,1.29
2004-10-01,natural,117,2004,10,7.8600001
2004-10-01,nuclear,117,2004,10,1.36
2004-10-01,petroleum,117,2004,10,8.1800003
2004-10-01,total,117,2004,10,19.02
2004-10-01,windsolarandhydro,117,2004,10,.07
2004-11-01,bioenergywaste,118,2004,11,.25999999
2004-11-01,coal,118,2004,11,1.29
2004-11-01,natural,118,2004,11,8.4899998
2004-11-01,nuclear,118,2004,11,1.39
2004-11-01,petroleum,118,2004,11,8.6099997
2004-11-01,total,118,2004,11,20.1
2004-11-01,windsolarandhydro,118,2004,11,.059999999
2004-12-01,bioenergywaste,119,2004,12,.25999999
2004-12-01,coal,119,2004,12,1.53
2004-12-01,natural,119,2004,12,9.1000004
2004-12-01,nuclear,119,2004,12,1.61
2004-12-01,petroleum,119,2004,12,8.9799995
2004-12-01,total,119,2004,12,21.549999
2004-12-01,windsolarandhydro,119,2004,12,.07
2005-01-01,bioenergywaste,120,2005,1,.33000001
2005-01-01,coal,120,2005,1,.74000001
2005-01-01,natural,120,2005,1,8.9099998
2005-01-01,nuclear,120,2005,1,1.87
2005-01-01,petroleum,120,2005,1,8.5600004
2005-01-01,total,120,2005,1,20.49
2005-01-01,windsolarandhydro,120,2005,1,.079999998
2005-02-01,bioenergywaste,121,2005,2,.33000001
2005-02-01,coal,121,2005,2,1.14
2005-02-01,natural,121,2005,2,7.9499998
2005-02-01,nuclear,121,2005,2,1.55
2005-02-01,petroleum,121,2005,2,7.7199998
2005-02-01,total,121,2005,2,18.76
2005-02-01,windsolarandhydro,121,2005,2,.07
2005-03-01,bioenergywaste,122,2005,3,.33000001
2005-03-01,coal,122,2005,3,1.3099999
2005-03-01,natural,122,2005,3,8.9099998
2005-03-01,nuclear,122,2005,3,1.63
2005-03-01,petroleum,122,2005,3,8.6400003
2005-03-01,total,122,2005,3,20.879999
2005-03-01,windsolarandhydro,122,2005,3,.059999999
2005-04-01,bioenergywaste,123,2005,4,.28
2005-04-01,coal,123,2005,4,.89999998
2005-04-01,natural,123,2005,4,8.5799999
2005-04-01,nuclear,123,2005,4,1.41
2005-04-01,petroleum,123,2005,4,8.1999998
2005-04-01,total,123,2005,4,19.42
2005-04-01,windsolarandhydro,123,2005,4,.050000001
2005-05-01,bioenergywaste,124,2005,5,.28
2005-05-01,coal,124,2005,5,.95999998
2005-05-01,natural,124,2005,5,7.6399999
2005-05-01,nuclear,124,2005,5,1.5
2005-05-01,petroleum,124,2005,5,8.3599997
2005-05-01,total,124,2005,5,18.780001
2005-05-01,windsolarandhydro,124,2005,5,.039999999
2005-06-01,bioenergywaste,125,2005,6,.28
2005-06-01,coal,125,2005,6,1.15
2005-06-01,natural,125,2005,6,6.8000002
2005-06-01,nuclear,125,2005,6,1.55
2005-06-01,petroleum,125,2005,6,7.54
2005-06-01,total,125,2005,6,17.360001
2005-06-01,windsolarandhydro,125,2005,6,.039999999
2005-07-01,bioenergywaste,126,2005,7,.27000001
2005-07-01,coal,126,2005,7,.76999998
2005-07-01,natural,126,2005,7,5.96
2005-07-01,nuclear,126,2005,7,1.5700001
2005-07-01,petroleum,126,2005,7,7.7399998
2005-07-01,total,126,2005,7,16.35
2005-07-01,windsolarandhydro,126,2005,7,.039999999
2005-08-01,bioenergywaste,127,2005,8,.27000001
2005-08-01,coal,127,2005,8,.82999998
2005-08-01,natural,127,2005,8,4.5100002
2005-08-01,nuclear,127,2005,8,1.6900001
2005-08-01,petroleum,127,2005,8,6.4200001
2005-08-01,total,127,2005,8,13.76
2005-08-01,windsolarandhydro,127,2005,8,.039999999
2005-09-01,bioenergywaste,128,2005,9,.27000001
2005-09-01,coal,128,2005,9,1.36
2005-09-01,natural,128,2005,9,6.0100002
2005-09-01,nuclear,128,2005,9,1.33
2005-09-01,petroleum,128,2005,9,7.0100002
2005-09-01,total,128,2005,9,16.030001
2005-09-01,windsolarandhydro,128,2005,9,.050000001
2005-10-01,bioenergywaste,129,2005,10,.34
2005-10-01,coal,129,2005,10,1.13
2005-10-01,natural,129,2005,10,6.7800002
2005-10-01,nuclear,129,2005,10,1.25
2005-10-01,petroleum,129,2005,10,7.8200002
2005-10-01,total,129,2005,10,17.389999
2005-10-01,windsolarandhydro,129,2005,10,.07
2005-11-01,bioenergywaste,130,2005,11,.34
2005-11-01,coal,130,2005,11,1.08
2005-11-01,natural,130,2005,11,7.5700002
2005-11-01,nuclear,130,2005,11,1.4299999
2005-11-01,petroleum,130,2005,11,7.1599998
2005-11-01,total,130,2005,11,17.66
2005-11-01,windsolarandhydro,130,2005,11,.079999998
2005-12-01,bioenergywaste,131,2005,12,.34
2005-12-01,coal,131,2005,12,1.34
2005-12-01,natural,131,2005,12,8.6000004
2005-12-01,nuclear,131,2005,12,1.59
2005-12-01,petroleum,131,2005,12,7.7199998
2005-12-01,total,131,2005,12,19.65
2005-12-01,windsolarandhydro,131,2005,12,.059999999
2006-01-01,bioenergywaste,132,2006,1,.34999999
2006-01-01,coal,132,2006,1,.98000002
2006-01-01,natural,132,2006,1,8.5299997
2006-01-01,nuclear,132,2006,1,1.76
2006-01-01,petroleum,132,2006,1,8.1099997
2006-01-01,total,132,2006,1,19.799999
2006-01-01,windsolarandhydro,132,2006,1,.07
2006-02-01,bioenergywaste,133,2006,2,.34999999
2006-02-01,coal,133,2006,2,1.15
2006-02-01,natural,133,2006,2,7.6900001
2006-02-01,nuclear,133,2006,2,1.55
2006-02-01,petroleum,133,2006,2,7.1199999
2006-02-01,total,133,2006,2,17.92
2006-02-01,windsolarandhydro,133,2006,2,.059999999
2006-03-01,bioenergywaste,134,2006,3,.34999999
2006-03-01,coal,134,2006,3,1.3
2006-03-01,natural,134,2006,3,8.3299999
2006-03-01,nuclear,134,2006,3,1.78
2006-03-01,petroleum,134,2006,3,7.6599998
2006-03-01,total,134,2006,3,19.48
2006-03-01,windsolarandhydro,134,2006,3,.059999999
2006-04-01,bioenergywaste,135,2006,4,.31
2006-04-01,coal,135,2006,4,.91000003
2006-04-01,natural,135,2006,4,7.3800001
2006-04-01,nuclear,135,2006,4,1.5700001
2006-04-01,petroleum,135,2006,4,7.3800001
2006-04-01,total,135,2006,4,17.610001
2006-04-01,windsolarandhydro,135,2006,4,.059999999
2006-05-01,bioenergywaste,136,2006,5,.31
2006-05-01,coal,136,2006,5,1.01
2006-05-01,natural,136,2006,5,6.5700002
2006-05-01,nuclear,136,2006,5,1.54
2006-05-01,petroleum,136,2006,5,7.1599998
2006-05-01,total,136,2006,5,16.639999
2006-05-01,windsolarandhydro,136,2006,5,.050000001
2006-06-01,bioenergywaste,137,2006,6,.31
2006-06-01,coal,137,2006,6,1.13
2006-06-01,natural,137,2006,6,5.6500001
2006-06-01,nuclear,137,2006,6,1.39
2006-06-01,petroleum,137,2006,6,6.46
2006-06-01,total,137,2006,6,14.98
2006-06-01,windsolarandhydro,137,2006,6,.039999999
2006-07-01,bioenergywaste,138,2006,7,.30000001
2006-07-01,coal,138,2006,7,.70999998
2006-07-01,natural,138,2006,7,5.0700002
2006-07-01,nuclear,138,2006,7,1.45
2006-07-01,petroleum,138,2006,7,6.8899999
2006-07-01,total,138,2006,7,14.46
2006-07-01,windsolarandhydro,138,2006,7,.039999999
2006-08-01,bioenergywaste,139,2006,8,.30000001
2006-08-01,coal,139,2006,8,.56999999
2006-08-01,natural,139,2006,8,5.1300001
2006-08-01,nuclear,139,2006,8,1.54
2006-08-01,petroleum,139,2006,8,5.7399998
2006-08-01,total,139,2006,8,13.32
2006-08-01,windsolarandhydro,139,2006,8,.039999999
2006-09-01,bioenergywaste,140,2006,9,.30000001
2006-09-01,coal,140,2006,9,.95999998
2006-09-01,natural,140,2006,9,5.8600001
2006-09-01,nuclear,140,2006,9,1.28
2006-09-01,petroleum,140,2006,9,6.29
2006-09-01,total,140,2006,9,14.75
2006-09-01,windsolarandhydro,140,2006,9,.059999999
2006-10-01,bioenergywaste,141,2006,10,.34999999
2006-10-01,coal,141,2006,10,.92000002
2006-10-01,natural,141,2006,10,6.4299998
2006-10-01,nuclear,141,2006,10,1
2006-10-01,petroleum,141,2006,10,7.0999999
2006-10-01,total,141,2006,10,15.88
2006-10-01,windsolarandhydro,141,2006,10,.079999998
2006-11-01,bioenergywaste,142,2006,11,.34999999
2006-11-01,coal,142,2006,11,.92000002
2006-11-01,natural,142,2006,11,6.6799998
2006-11-01,nuclear,142,2006,11,1.0700001
2006-11-01,petroleum,142,2006,11,6.9899998
2006-11-01,total,142,2006,11,16.1
2006-11-01,windsolarandhydro,142,2006,11,.090000004
2006-12-01,bioenergywaste,143,2006,12,.34999999
2006-12-01,coal,143,2006,12,.87
2006-12-01,natural,143,2006,12,6.6799998
2006-12-01,nuclear,143,2006,12,1.21
2006-12-01,petroleum,143,2006,12,7.0500002
2006-12-01,total,143,2006,12,16.26
2006-12-01,windsolarandhydro,143,2006,12,.1
2007-01-01,bioenergywaste,144,2007,1,.38
2007-01-01,coal,144,2007,1,.70999998
2007-01-01,natural,144,2007,1,6.9400001
2007-01-01,nuclear,144,2007,1,1.23
2007-01-01,petroleum,144,2007,1,7.2800002
2007-01-01,total,144,2007,1,16.65
2007-01-01,windsolarandhydro,144,2007,1,.11
2007-02-01,bioenergywaste,145,2007,2,.38
2007-02-01,coal,145,2007,2,.83999997
2007-02-01,natural,145,2007,2,6.27
2007-02-01,nuclear,145,2007,2,1.1
2007-02-01,petroleum,145,2007,2,7.1199999
2007-02-01,total,145,2007,2,15.8
2007-02-01,windsolarandhydro,145,2007,2,.090000004
2007-03-01,bioenergywaste,146,2007,3,.38
2007-03-01,coal,146,2007,3,.98000002
2007-03-01,natural,146,2007,3,7.2199998
2007-03-01,nuclear,146,2007,3,1.13
2007-03-01,petroleum,146,2007,3,7.4899998
2007-03-01,total,146,2007,3,17.299999
2007-03-01,windsolarandhydro,146,2007,3,.1
2007-04-01,bioenergywaste,147,2007,4,.33000001
2007-04-01,coal,147,2007,4,.74000001
2007-04-01,natural,147,2007,4,6.3899999
2007-04-01,nuclear,147,2007,4,1.0700001
2007-04-01,petroleum,147,2007,4,7.2800002
2007-04-01,total,147,2007,4,15.86
2007-04-01,windsolarandhydro,147,2007,4,.050000001
2007-05-01,bioenergywaste,148,2007,5,.33000001
2007-05-01,coal,148,2007,5,.88
2007-05-01,natural,148,2007,5,6.48
2007-05-01,nuclear,148,2007,5,1.09
2007-05-01,petroleum,148,2007,5,7.52
2007-05-01,total,148,2007,5,16.35
2007-05-01,windsolarandhydro,148,2007,5,.050000001
2007-06-01,bioenergywaste,149,2007,6,.33000001
2007-06-01,coal,149,2007,6,1.14
2007-06-01,natural,149,2007,6,4.8800001
2007-06-01,nuclear,149,2007,6,1.21
2007-06-01,petroleum,149,2007,6,6.8400002
2007-06-01,total,149,2007,6,14.45
2007-06-01,windsolarandhydro,149,2007,6,.050000001
2007-07-01,bioenergywaste,150,2007,7,.33000001
2007-07-01,coal,150,2007,7,.86000001
2007-07-01,natural,150,2007,7,5.2199998
2007-07-01,nuclear,150,2007,7,1.36
2007-07-01,petroleum,150,2007,7,7
2007-07-01,total,150,2007,7,14.83
2007-07-01,windsolarandhydro,150,2007,7,.059999999
2007-08-01,bioenergywaste,151,2007,8,.33000001
2007-08-01,coal,151,2007,8,.93000001
2007-08-01,natural,151,2007,8,4.4200001
2007-08-01,nuclear,151,2007,8,1.22
2007-08-01,petroleum,151,2007,8,5.75
2007-08-01,total,151,2007,8,12.71
2007-08-01,windsolarandhydro,151,2007,8,.059999999
2007-09-01,bioenergywaste,152,2007,9,.33000001
2007-09-01,coal,152,2007,9,1.1
2007-09-01,natural,152,2007,9,4.6199999
2007-09-01,nuclear,152,2007,9,1.27
2007-09-01,petroleum,152,2007,9,6.3000002
2007-09-01,total,152,2007,9,13.68
2007-09-01,windsolarandhydro,152,2007,9,.059999999
2007-10-01,bioenergywaste,153,2007,10,.40000001
2007-10-01,coal,153,2007,10,.77999997
2007-10-01,natural,153,2007,10,6
2007-10-01,nuclear,153,2007,10,1.1
2007-10-01,petroleum,153,2007,10,7.3600001
2007-10-01,total,153,2007,10,15.71
2007-10-01,windsolarandhydro,153,2007,10,.07
2007-11-01,bioenergywaste,154,2007,11,.40000001
2007-11-01,coal,154,2007,11,.88999999
2007-11-01,natural,154,2007,11,6.6199999
2007-11-01,nuclear,154,2007,11,1.11
2007-11-01,petroleum,154,2007,11,6.7399998
2007-11-01,total,154,2007,11,15.84
2007-11-01,windsolarandhydro,154,2007,11,.079999998
2007-12-01,bioenergywaste,155,2007,12,.40000001
2007-12-01,coal,155,2007,12,.86000001
2007-12-01,natural,155,2007,12,7.0900002
2007-12-01,nuclear,155,2007,12,1.14
2007-12-01,petroleum,155,2007,12,7.23
2007-12-01,total,155,2007,12,16.809999
2007-12-01,windsolarandhydro,155,2007,12,.090000004
2008-01-01,bioenergywaste,156,2008,1,.44999999
2008-01-01,coal,156,2008,1,.62
2008-01-01,natural,156,2008,1,6.8499999
2008-01-01,nuclear,156,2008,1,1.15
2008-01-01,petroleum,156,2008,1,7.1399999
2008-01-01,total,156,2008,1,16.34
2008-01-01,windsolarandhydro,156,2008,1,.13
2008-02-01,bioenergywaste,157,2008,2,.44999999
2008-02-01,coal,157,2008,2,.75999999
2008-02-01,natural,157,2008,2,6.1900001
2008-02-01,nuclear,157,2008,2,1.12
2008-02-01,petroleum,157,2008,2,6.4699998
2008-02-01,total,157,2008,2,15.1
2008-02-01,windsolarandhydro,157,2008,2,.11
2008-03-01,bioenergywaste,158,2008,3,.44999999
2008-03-01,coal,158,2008,3,.97000003
2008-03-01,natural,158,2008,3,6.7199998
2008-03-01,nuclear,158,2008,3,1.01
2008-03-01,petroleum,158,2008,3,7.0100002
2008-03-01,total,158,2008,3,16.280001
2008-03-01,windsolarandhydro,158,2008,3,.12
2008-04-01,bioenergywaste,159,2008,4,.41
2008-04-01,coal,159,2008,4,.92000002
2008-04-01,natural,159,2008,4,6.02
2008-04-01,nuclear,159,2008,4,.80000001
2008-04-01,petroleum,159,2008,4,6.9200001
2008-04-01,total,159,2008,4,15.15
2008-04-01,windsolarandhydro,159,2008,4,.079999998
2008-05-01,bioenergywaste,160,2008,5,.41
2008-05-01,coal,160,2008,5,.87
2008-05-01,natural,160,2008,5,6.0300002
2008-05-01,nuclear,160,2008,5,.99000001
2008-05-01,petroleum,160,2008,5,7.1300001
2008-05-01,total,160,2008,5,15.48
2008-05-01,windsolarandhydro,160,2008,5,.050000001
2008-06-01,bioenergywaste,161,2008,6,.41
2008-06-01,coal,161,2008,6,1.09
2008-06-01,natural,161,2008,6,5.5100002
2008-06-01,nuclear,161,2008,6,.98000002
2008-06-01,petroleum,161,2008,6,6.3600001
2008-06-01,total,161,2008,6,14.4
2008-06-01,windsolarandhydro,161,2008,6,.050000001
2008-07-01,bioenergywaste,162,2008,7,.40000001
2008-07-01,coal,162,2008,7,.91000003
2008-07-01,natural,162,2008,7,4.1300001
2008-07-01,nuclear,162,2008,7,.89999998
2008-07-01,petroleum,162,2008,7,6.27
2008-07-01,total,162,2008,7,12.66
2008-07-01,windsolarandhydro,162,2008,7,.050000001
2008-08-01,bioenergywaste,163,2008,8,.40000001
2008-08-01,coal,163,2008,8,.88999999
2008-08-01,natural,163,2008,8,4.6399999
2008-08-01,nuclear,163,2008,8,.97000003
2008-08-01,petroleum,163,2008,8,5.1700001
2008-08-01,total,163,2008,8,12.13
2008-08-01,windsolarandhydro,163,2008,8,.059999999
2008-09-01,bioenergywaste,164,2008,9,.40000001
2008-09-01,coal,164,2008,9,1.0700001
2008-09-01,natural,164,2008,9,5.2399998
2008-09-01,nuclear,164,2008,9,.87
2008-09-01,petroleum,164,2008,9,6.4200001
2008-09-01,total,164,2008,9,14.06
2008-09-01,windsolarandhydro,164,2008,9,.059999999
2008-10-01,bioenergywaste,165,2008,10,.44999999
2008-10-01,coal,165,2008,10,.86000001
2008-10-01,natural,165,2008,10,5.8200002
2008-10-01,nuclear,165,2008,10,.95999998
2008-10-01,petroleum,165,2008,10,6.54
2008-10-01,total,165,2008,10,14.75
2008-10-01,windsolarandhydro,165,2008,10,.12
2008-11-01,bioenergywaste,166,2008,11,.44999999
2008-11-01,coal,166,2008,11,1.05
2008-11-01,natural,166,2008,11,6.0599999
2008-11-01,nuclear,166,2008,11,.95999998
2008-11-01,petroleum,166,2008,11,6.48
2008-11-01,total,166,2008,11,15.11
2008-11-01,windsolarandhydro,166,2008,11,.11
2008-12-01,bioenergywaste,167,2008,12,.44999999
2008-12-01,coal,167,2008,12,1.3099999
2008-12-01,natural,167,2008,12,6.3200002
2008-12-01,nuclear,167,2008,12,1.2
2008-12-01,petroleum,167,2008,12,6.8000002
2008-12-01,total,167,2008,12,16.190001
2008-12-01,windsolarandhydro,167,2008,12,.11
2009-01-01,bioenergywaste,168,2009,1,.52999997
2009-01-01,coal,168,2009,1,.69999999
2009-01-01,natural,168,2009,1,6.46
2009-01-01,nuclear,168,2009,1,.98000002
2009-01-01,petroleum,168,2009,1,6.8000002
2009-01-01,total,168,2009,1,15.6
2009-01-01,windsolarandhydro,168,2009,1,.13
2009-02-01,bioenergywaste,169,2009,2,.52999997
2009-02-01,coal,169,2009,2,.82999998
2009-02-01,natural,169,2009,2,5.3200002
2009-02-01,nuclear,169,2009,2,1.27
2009-02-01,petroleum,169,2009,2,6.2800002
2009-02-01,total,169,2009,2,14.33
2009-02-01,windsolarandhydro,169,2009,2,.1
2009-03-01,bioenergywaste,170,2009,3,.52999997
2009-03-01,coal,170,2009,3,1.01
2009-03-01,natural,170,2009,3,5.3200002
2009-03-01,nuclear,170,2009,3,1.49
2009-03-01,petroleum,170,2009,3,6.9499998
2009-03-01,total,170,2009,3,15.43
2009-03-01,windsolarandhydro,170,2009,3,.13
2009-04-01,bioenergywaste,171,2009,4,.41
2009-04-01,coal,171,2009,4,.93000001
2009-04-01,natural,171,2009,4,5.3400002
2009-04-01,nuclear,171,2009,4,1.42
2009-04-01,petroleum,171,2009,4,6.7800002
2009-04-01,total,171,2009,4,14.97
2009-04-01,windsolarandhydro,171,2009,4,.090000004
2009-05-01,bioenergywaste,172,2009,5,.41
2009-05-01,coal,172,2009,5,1.01
2009-05-01,natural,172,2009,5,5.4099998
2009-05-01,nuclear,172,2009,5,1.1900001
2009-05-01,petroleum,172,2009,5,6.6500001
2009-05-01,total,172,2009,5,14.77
2009-05-01,windsolarandhydro,172,2009,5,.1
2009-06-01,bioenergywaste,173,2009,6,.41
2009-06-01,coal,173,2009,6,1.02
2009-06-01,natural,173,2009,6,4.8299999
2009-06-01,nuclear,173,2009,6,1.38
2009-06-01,petroleum,173,2009,6,6.2800002
2009-06-01,total,173,2009,6,13.98
2009-06-01,windsolarandhydro,173,2009,6,.059999999
2009-07-01,bioenergywaste,174,2009,7,.36000001
2009-07-01,coal,174,2009,7,1
2009-07-01,natural,174,2009,7,4.29
2009-07-01,nuclear,174,2009,7,1.39
2009-07-01,petroleum,174,2009,7,6.3899999
2009-07-01,total,174,2009,7,13.5
2009-07-01,windsolarandhydro,174,2009,7,.07
2009-08-01,bioenergywaste,175,2009,8,.36000001
2009-08-01,coal,175,2009,8,.97000003
2009-08-01,natural,175,2009,8,3.23
2009-08-01,nuclear,175,2009,8,1.34
2009-08-01,petroleum,175,2009,8,4.6700001
2009-08-01,total,175,2009,8,10.67
2009-08-01,windsolarandhydro,175,2009,8,.1
2009-09-01,bioenergywaste,176,2009,9,.36000001
2009-09-01,coal,176,2009,9,.92000002
2009-09-01,natural,176,2009,9,3.6700001
2009-09-01,nuclear,176,2009,9,1.1799999
2009-09-01,petroleum,176,2009,9,5.3099999
2009-09-01,total,176,2009,9,11.55
2009-09-01,windsolarandhydro,176,2009,9,.11
2009-10-01,bioenergywaste,177,2009,10,.51999998
2009-10-01,coal,177,2009,10,.95999998
2009-10-01,natural,177,2009,10,4.7199998
2009-10-01,nuclear,177,2009,10,1.1
2009-10-01,petroleum,177,2009,10,6.0300002
2009-10-01,total,177,2009,10,13.44
2009-10-01,windsolarandhydro,177,2009,10,.11
2009-11-01,bioenergywaste,178,2009,11,.51999998
2009-11-01,coal,178,2009,11,.88
2009-11-01,natural,178,2009,11,4.6700001
2009-11-01,nuclear,178,2009,11,1.23
2009-11-01,petroleum,178,2009,11,6.3899999
2009-11-01,total,178,2009,11,13.83
2009-11-01,windsolarandhydro,178,2009,11,.14
2009-12-01,bioenergywaste,179,2009,12,.51999998
2009-12-01,coal,179,2009,12,.80000001
2009-12-01,natural,179,2009,12,5.1999998
2009-12-01,nuclear,179,2009,12,1.27
2009-12-01,petroleum,179,2009,12,6.23
2009-12-01,total,179,2009,12,14.13
2009-12-01,windsolarandhydro,179,2009,12,.11
2010-01-01,bioenergywaste,180,2010,1,.54000002
2010-01-01,coal,180,2010,1,.54000002
2010-01-01,natural,180,2010,1,5.1599998
2010-01-01,nuclear,180,2010,1,1.42
2010-01-01,petroleum,180,2010,1,6.5300002
2010-01-01,total,180,2010,1,14.29
2010-01-01,windsolarandhydro,180,2010,1,.1
2010-02-01,bioenergywaste,181,2010,2,.54000002
2010-02-01,coal,181,2010,2,.74000001
2010-02-01,natural,181,2010,2,4.8200002
2010-02-01,nuclear,181,2010,2,1.23
2010-02-01,petroleum,181,2010,2,5.5
2010-02-01,total,181,2010,2,12.9
2010-02-01,windsolarandhydro,181,2010,2,.07
2010-03-01,bioenergywaste,182,2010,3,.54000002
2010-03-01,coal,182,2010,3,.97000003
2010-03-01,natural,182,2010,3,5.4200001
2010-03-01,nuclear,182,2010,3,1.42
2010-03-01,petroleum,182,2010,3,6.8200002
2010-03-01,total,182,2010,3,15.27
2010-03-01,windsolarandhydro,182,2010,3,.1
2010-04-01,bioenergywaste,183,2010,4,.43000001
2010-04-01,coal,183,2010,4,.77999997
2010-04-01,natural,183,2010,4,5.1799998
2010-04-01,nuclear,183,2010,4,1.15
2010-04-01,petroleum,183,2010,4,6.3600001
2010-04-01,total,183,2010,4,13.98
2010-04-01,windsolarandhydro,183,2010,4,.079999998
2010-05-01,bioenergywaste,184,2010,5,.43000001
2010-05-01,coal,184,2010,5,.91000003
2010-05-01,natural,184,2010,5,5.1300001
2010-05-01,nuclear,184,2010,5,.99000001
2010-05-01,petroleum,184,2010,5,6.1900001
2010-05-01,total,184,2010,5,13.71
2010-05-01,windsolarandhydro,184,2010,5,.059999999
2010-06-01,bioenergywaste,185,2010,6,.43000001
2010-06-01,coal,185,2010,6,1.23
2010-06-01,natural,185,2010,6,4.29
2010-06-01,nuclear,185,2010,6,.97000003
2010-06-01,petroleum,185,2010,6,4.96
2010-06-01,total,185,2010,6,11.93
2010-06-01,windsolarandhydro,185,2010,6,.050000001
2010-07-01,bioenergywaste,186,2010,7,.40000001
2010-07-01,coal,186,2010,7,.98000002
2010-07-01,natural,186,2010,7,4.1999998
2010-07-01,nuclear,186,2010,7,.98000002
2010-07-01,petroleum,186,2010,7,5.04
2010-07-01,total,186,2010,7,11.7
2010-07-01,windsolarandhydro,186,2010,7,.1
2010-08-01,bioenergywaste,187,2010,8,.40000001
2010-08-01,coal,187,2010,8,.99000001
2010-08-01,natural,187,2010,8,3.8800001
2010-08-01,nuclear,187,2010,8,1
2010-08-01,petroleum,187,2010,8,5.04
2010-08-01,total,187,2010,8,11.4
2010-08-01,windsolarandhydro,187,2010,8,.090000004
2010-09-01,bioenergywaste,188,2010,9,.40000001
2010-09-01,coal,188,2010,9,1.23
2010-09-01,natural,188,2010,9,4.0100002
2010-09-01,nuclear,188,2010,9,.93000001
2010-09-01,petroleum,188,2010,9,5.46
2010-09-01,total,188,2010,9,12.15
2010-09-01,windsolarandhydro,188,2010,9,.12
2010-10-01,bioenergywaste,189,2010,10,.56999999
2010-10-01,coal,189,2010,10,1.08
2010-10-01,natural,189,2010,10,4.46
2010-10-01,nuclear,189,2010,10,1.3099999
2010-10-01,petroleum,189,2010,10,5.6599998
2010-10-01,total,189,2010,10,13.23
2010-10-01,windsolarandhydro,189,2010,10,.15000001
2010-11-01,bioenergywaste,190,2010,11,.56999999
2010-11-01,coal,190,2010,11,.98000002
2010-11-01,natural,190,2010,11,4.3699999
2010-11-01,nuclear,190,2010,11,1.11
2010-11-01,petroleum,190,2010,11,5.7600002
2010-11-01,total,190,2010,11,12.94
2010-11-01,windsolarandhydro,190,2010,11,.15000001
2010-12-01,bioenergywaste,191,2010,12,.56999999
2010-12-01,coal,191,2010,12,.99000001
2010-12-01,natural,191,2010,12,4.4000001
2010-12-01,nuclear,191,2010,12,1.41
2010-12-01,petroleum,191,2010,12,5.6599998
2010-12-01,total,191,2010,12,13.13
2010-12-01,windsolarandhydro,191,2010,12,.1
2011-01-01,bioenergywaste,192,2011,1,.61000001
2011-01-01,coal,192,2011,1,.75
2011-01-01,natural,192,2011,1,4.5100002
2011-01-01,nuclear,192,2011,1,1.49
2011-01-01,petroleum,192,2011,1,6.1700001
2011-01-01,total,192,2011,1,13.67
2011-01-01,windsolarandhydro,192,2011,1,.14
2011-02-01,bioenergywaste,193,2011,2,.61000001
2011-02-01,coal,193,2011,2,1.01
2011-02-01,natural,193,2011,2,3.9300001
2011-02-01,nuclear,193,2011,2,1.36
2011-02-01,petroleum,193,2011,2,4.6300001
2011-02-01,total,193,2011,2,11.69
2011-02-01,windsolarandhydro,193,2011,2,.15000001
2011-03-01,bioenergywaste,194,2011,3,.61000001
2011-03-01,coal,194,2011,3,1.1900001
2011-03-01,natural,194,2011,3,4.1900001
2011-03-01,nuclear,194,2011,3,1.55
2011-03-01,petroleum,194,2011,3,5.0500002
2011-03-01,total,194,2011,3,12.7
2011-03-01,windsolarandhydro,194,2011,3,.11
2011-04-01,bioenergywaste,195,2011,4,.44999999
2011-04-01,coal,195,2011,4,.93000001
2011-04-01,natural,195,2011,4,4.0999999
2011-04-01,nuclear,195,2011,4,1.48
2011-04-01,petroleum,195,2011,4,5.29
2011-04-01,total,195,2011,4,12.38
2011-04-01,windsolarandhydro,195,2011,4,.13
2011-05-01,bioenergywaste,196,2011,5,.44999999
2011-05-01,coal,196,2011,5,.88999999
2011-05-01,natural,196,2011,5,3.6300001
2011-05-01,nuclear,196,2011,5,1.46
2011-05-01,petroleum,196,2011,5,4.8299999
2011-05-01,total,196,2011,5,11.44
2011-05-01,windsolarandhydro,196,2011,5,.18000001
2011-06-01,bioenergywaste,197,2011,6,.44999999
2011-06-01,coal,197,2011,6,1.1799999
2011-06-01,natural,197,2011,6,3.24
2011-06-01,nuclear,197,2011,6,1.4
2011-06-01,petroleum,197,2011,6,4.5799999
2011-06-01,total,197,2011,6,10.96
2011-06-01,windsolarandhydro,197,2011,6,.11
2011-07-01,bioenergywaste,198,2011,7,.43000001
2011-07-01,coal,198,2011,7,.91000003
2011-07-01,natural,198,2011,7,3.0999999
2011-07-01,nuclear,198,2011,7,1.28
2011-07-01,petroleum,198,2011,7,4.5100002
2011-07-01,total,198,2011,7,10.33
2011-07-01,windsolarandhydro,198,2011,7,.1
2011-08-01,bioenergywaste,199,2011,8,.43000001
2011-08-01,coal,199,2011,8,.91000003
2011-08-01,natural,199,2011,8,2.5899999
2011-08-01,nuclear,199,2011,8,1.23
2011-08-01,petroleum,199,2011,8,3.6199999
2011-08-01,total,199,2011,8,8.8900003
2011-08-01,windsolarandhydro,199,2011,8,.11
2011-09-01,bioenergywaste,200,2011,9,.43000001
2011-09-01,coal,200,2011,9,1.1
2011-09-01,natural,200,2011,9,3.03
2011-09-01,nuclear,200,2011,9,1.0599999
2011-09-01,petroleum,200,2011,9,4.04
2011-09-01,total,200,2011,9,9.8299999
2011-09-01,windsolarandhydro,200,2011,9,.17
2011-10-01,bioenergywaste,201,2011,10,.56
2011-10-01,coal,201,2011,10,.89999998
2011-10-01,natural,201,2011,10,3.8099999
2011-10-01,nuclear,201,2011,10,1.01
2011-10-01,petroleum,201,2011,10,4.7199998
2011-10-01,total,201,2011,10,11.22
2011-10-01,windsolarandhydro,201,2011,10,.22
2011-11-01,bioenergywaste,202,2011,11,.56
2011-11-01,coal,202,2011,11,.85000002
2011-11-01,natural,202,2011,11,4.0100002
2011-11-01,nuclear,202,2011,11,1.05
2011-11-01,petroleum,202,2011,11,4.73
2011-11-01,total,202,2011,11,11.41
2011-11-01,windsolarandhydro,202,2011,11,.20999999
2011-12-01,bioenergywaste,203,2011,12,.56
2011-12-01,coal,203,2011,12,.92000002
2011-12-01,natural,203,2011,12,3.8900001
2011-12-01,nuclear,203,2011,12,1.25
2011-12-01,petroleum,203,2011,12,4.73
2011-12-01,total,203,2011,12,11.61
2011-12-01,windsolarandhydro,203,2011,12,.25999999
2012-01-01,bioenergywaste,204,2012,1,.62
2012-01-01,coal,204,2012,1,.66000003
2012-01-01,natural,204,2012,1,3.71
2012-01-01,nuclear,204,2012,1,1.3099999
2012-01-01,petroleum,204,2012,1,4.8200002
2012-01-01,total,204,2012,1,11.36
2012-01-01,windsolarandhydro,204,2012,1,.23999999
2012-02-01,bioenergywaste,205,2012,2,.62
2012-02-01,coal,205,2012,2,.86000001
2012-02-01,natural,205,2012,2,3.5
2012-02-01,nuclear,205,2012,2,1.34
2012-02-01,petroleum,205,2012,2,4.3800001
2012-02-01,total,205,2012,2,10.9
2012-02-01,windsolarandhydro,205,2012,2,.2
2012-03-01,bioenergywaste,206,2012,3,.62
2012-03-01,coal,206,2012,3,1.08
2012-03-01,natural,206,2012,3,3.8499999
2012-03-01,nuclear,206,2012,3,1.0700001
2012-03-01,petroleum,206,2012,3,4.5999999
2012-03-01,total,206,2012,3,11.39
2012-03-01,windsolarandhydro,206,2012,3,.17
2012-04-01,bioenergywaste,207,2012,4,.46000001
2012-04-01,coal,207,2012,4,.86000001
2012-04-01,natural,207,2012,4,3.3099999
2012-04-01,nuclear,207,2012,4,1.34
2012-04-01,petroleum,207,2012,4,4.4400001
2012-04-01,total,207,2012,4,10.56
2012-04-01,windsolarandhydro,207,2012,4,.15000001
2012-05-01,bioenergywaste,208,2012,5,.46000001
2012-05-01,coal,208,2012,5,1.02
2012-05-01,natural,208,2012,5,3.21
2012-05-01,nuclear,208,2012,5,1.36
2012-05-01,petroleum,208,2012,5,4.2199998
2012-05-01,total,208,2012,5,10.41
2012-05-01,windsolarandhydro,208,2012,5,.14
2012-06-01,bioenergywaste,209,2012,6,.46000001
2012-06-01,coal,209,2012,6,1.1
2012-06-01,natural,209,2012,6,3.02
2012-06-01,nuclear,209,2012,6,1.3
2012-06-01,petroleum,209,2012,6,4.27
2012-06-01,total,209,2012,6,10.3
2012-06-01,windsolarandhydro,209,2012,6,.15000001
2012-07-01,bioenergywaste,210,2012,7,.47
2012-07-01,coal,210,2012,7,.85000002
2012-07-01,natural,210,2012,7,2.79
2012-07-01,nuclear,210,2012,7,1.22
2012-07-01,petroleum,210,2012,7,4.3800001
2012-07-01,total,210,2012,7,9.8500004
2012-07-01,windsolarandhydro,210,2012,7,.14
2012-08-01,bioenergywaste,211,2012,8,.47
2012-08-01,coal,211,2012,8,.83999997
2012-08-01,natural,211,2012,8,2.7
2012-08-01,nuclear,211,2012,8,1.42
2012-08-01,petroleum,211,2012,8,3.6300001
2012-08-01,total,211,2012,8,9.21
2012-08-01,windsolarandhydro,211,2012,8,.15000001
2012-09-01,bioenergywaste,212,2012,9,.47
2012-09-01,coal,212,2012,9,.92000002
2012-09-01,natural,212,2012,9,2.21
2012-09-01,nuclear,212,2012,9,1.25
2012-09-01,petroleum,212,2012,9,2.6500001
2012-09-01,total,212,2012,9,7.73
2012-09-01,windsolarandhydro,212,2012,9,.23
2012-10-01,bioenergywaste,213,2012,10,.68000001
2012-10-01,coal,213,2012,10,.75999999
2012-10-01,natural,213,2012,10,3
2012-10-01,nuclear,213,2012,10,1.17
2012-10-01,petroleum,213,2012,10,3.1700001
2012-10-01,total,213,2012,10,8.9700003
2012-10-01,windsolarandhydro,213,2012,10,.19
2012-11-01,bioenergywaste,214,2012,11,.68000001
2012-11-01,coal,214,2012,11,.94
2012-11-01,natural,214,2012,11,3.0899999
2012-11-01,nuclear,214,2012,11,1.0700001
2012-11-01,petroleum,214,2012,11,3.8900001
2012-11-01,total,214,2012,11,9.9099998
2012-11-01,windsolarandhydro,214,2012,11,.23999999
2012-12-01,bioenergywaste,215,2012,12,.68000001
2012-12-01,coal,215,2012,12,.69999999
2012-12-01,natural,215,2012,12,3.0599999
2012-12-01,nuclear,215,2012,12,1.36
2012-12-01,petroleum,215,2012,12,4.3099999
2012-12-01,total,215,2012,12,10.4
2012-12-01,windsolarandhydro,215,2012,12,.28999999
2013-01-01,bioenergywaste,216,2013,1,.68000001
2013-01-01,coal,216,2013,1,.62
2013-01-01,natural,216,2013,1,3.3199999
2013-01-01,nuclear,216,2013,1,1.52
2013-01-01,petroleum,216,2013,1,4.2800002
2013-01-01,total,216,2013,1,10.68
2013-01-01,windsolarandhydro,216,2013,1,.25999999
2013-02-01,bioenergywaste,217,2013,2,.68000001
2013-02-01,coal,217,2013,2,.77999997
2013-02-01,natural,217,2013,2,2.95
2013-02-01,nuclear,217,2013,2,1.22
2013-02-01,petroleum,217,2013,2,3.52
2013-02-01,total,217,2013,2,9.3699999
2013-02-01,windsolarandhydro,217,2013,2,.22
2013-03-01,bioenergywaste,218,2013,3,.68000001
2013-03-01,coal,218,2013,3,.94
2013-03-01,natural,218,2013,3,3.1800001
2013-03-01,nuclear,218,2013,3,1.26
2013-03-01,petroleum,218,2013,3,3.8
2013-03-01,total,218,2013,3,10.09
2013-03-01,windsolarandhydro,218,2013,3,.23
2013-04-01,bioenergywaste,219,2013,4,.60000002
2013-04-01,coal,219,2013,4,.75
2013-04-01,natural,219,2013,4,3.1400001
2013-04-01,nuclear,219,2013,4,1.29
2013-04-01,petroleum,219,2013,4,3.78
2013-04-01,total,219,2013,4,9.8199997
2013-04-01,windsolarandhydro,219,2013,4,.25999999
2013-05-01,bioenergywaste,220,2013,5,.60000002
2013-05-01,coal,220,2013,5,.64999998
2013-05-01,natural,220,2013,5,3.26
2013-05-01,nuclear,220,2013,5,1.03
2013-05-01,petroleum,220,2013,5,4.0599999
2013-05-01,total,220,2013,5,9.8500004
2013-05-01,windsolarandhydro,220,2013,5,.25
2013-06-01,bioenergywaste,221,2013,6,.60000002
2013-06-01,coal,221,2013,6,.75
2013-06-01,natural,221,2013,6,2.97
2013-06-01,nuclear,221,2013,6,1.0599999
2013-06-01,petroleum,221,2013,6,3.55
2013-06-01,total,221,2013,6,9.1199999
2013-06-01,windsolarandhydro,221,2013,6,.19
2013-07-01,bioenergywaste,222,2013,7,.47999999
2013-07-01,coal,222,2013,7,.58999997
2013-07-01,natural,222,2013,7,2.6300001
2013-07-01,nuclear,222,2013,7,1.37
2013-07-01,petroleum,222,2013,7,3.72
2013-07-01,total,222,2013,7,8.9300003
2013-07-01,windsolarandhydro,222,2013,7,.14
2013-08-01,bioenergywaste,223,2013,8,.47999999
2013-08-01,coal,223,2013,8,.55000001
2013-08-01,natural,223,2013,8,2.3299999
2013-08-01,nuclear,223,2013,8,1.5
2013-08-01,petroleum,223,2013,8,2.95
2013-08-01,total,223,2013,8,7.9899998
2013-08-01,windsolarandhydro,223,2013,8,.18000001
2013-09-01,bioenergywaste,224,2013,9,.47999999
2013-09-01,coal,224,2013,9,.63999999
2013-09-01,natural,224,2013,9,2.53
2013-09-01,nuclear,224,2013,9,1.22
2013-09-01,petroleum,224,2013,9,3.3
2013-09-01,total,224,2013,9,8.3900003
2013-09-01,windsolarandhydro,224,2013,9,.22
2013-10-01,bioenergywaste,225,2013,10,.63
2013-10-01,coal,225,2013,10,.5
2013-10-01,natural,225,2013,10,2.8599999
2013-10-01,nuclear,225,2013,10,1.3
2013-10-01,petroleum,225,2013,10,3.4100001
2013-10-01,total,225,2013,10,9.04
2013-10-01,windsolarandhydro,225,2013,10,.34
2013-11-01,bioenergywaste,226,2013,11,.63
2013-11-01,coal,226,2013,11,.62
2013-11-01,natural,226,2013,11,2.98
2013-11-01,nuclear,226,2013,11,1.26
2013-11-01,petroleum,226,2013,11,3.71
2013-11-01,total,226,2013,11,9.5100002
2013-11-01,windsolarandhydro,226,2013,11,.31
2013-12-01,bioenergywaste,227,2013,12,.63
2013-12-01,coal,227,2013,12,.58999997
2013-12-01,natural,227,2013,12,3.1900001
2013-12-01,nuclear,227,2013,12,1.41
2013-12-01,petroleum,227,2013,12,4.4000001
2013-12-01,total,227,2013,12,10.64
2013-12-01,windsolarandhydro,227,2013,12,.41999999
2014-01-01,bioenergywaste,228,2014,1,.67000002
2014-01-01,coal,228,2014,1,.47999999
2014-01-01,natural,228,2014,1,3.3399999
2014-01-01,nuclear,228,2014,1,1.33
2014-01-01,petroleum,228,2014,1,3.8800001
2014-01-01,total,228,2014,1,10.11
2014-01-01,windsolarandhydro,228,2014,1,.41
2014-02-01,bioenergywaste,229,2014,2,.67000002
2014-02-01,coal,229,2014,2,.60000002
2014-02-01,natural,229,2014,2,3.05
2014-02-01,nuclear,229,2014,2,1.11
2014-02-01,petroleum,229,2014,2,3.95
2014-02-01,total,229,2014,2,9.8000002
2014-02-01,windsolarandhydro,229,2014,2,.41999999
2014-03-01,bioenergywaste,230,2014,3,.67000002
2014-03-01,coal,230,2014,3,.69999999
2014-03-01,natural,230,2014,3,3.27
2014-03-01,nuclear,230,2014,3,1.15
2014-03-01,petroleum,230,2014,3,4.2600002
2014-03-01,total,230,2014,3,10.41
2014-03-01,windsolarandhydro,230,2014,3,.36000001
2014-04-01,bioenergywaste,231,2014,4,.56
2014-04-01,coal,231,2014,4,.50999999
2014-04-01,natural,231,2014,4,3.1700001
2014-04-01,nuclear,231,2014,4,1.23
2014-04-01,petroleum,231,2014,4,3.76
2014-04-01,total,231,2014,4,9.5
2014-04-01,windsolarandhydro,231,2014,4,.27000001
2014-05-01,bioenergywaste,232,2014,5,.56
2014-05-01,coal,232,2014,5,.63999999
2014-05-01,natural,232,2014,5,3.1800001
2014-05-01,nuclear,232,2014,5,1.25
2014-05-01,petroleum,232,2014,5,4.0799999
2014-05-01,total,232,2014,5,9.9399996
2014-05-01,windsolarandhydro,232,2014,5,.23
2014-06-01,bioenergywaste,233,2014,6,.56
2014-06-01,coal,233,2014,6,.73000002
2014-06-01,natural,233,2014,6,2.71
2014-06-01,nuclear,233,2014,6,1.3200001
2014-06-01,petroleum,233,2014,6,3.4100001
2014-06-01,total,233,2014,6,8.8900003
2014-06-01,windsolarandhydro,233,2014,6,.16
2014-07-01,bioenergywaste,234,2014,7,.55000001
2014-07-01,coal,234,2014,7,.55000001
2014-07-01,natural,234,2014,7,2.77
2014-07-01,nuclear,234,2014,7,1.27
2014-07-01,petroleum,234,2014,7,3.3299999
2014-07-01,total,234,2014,7,8.6599998
2014-07-01,windsolarandhydro,234,2014,7,.19
2014-08-01,bioenergywaste,235,2014,8,.55000001
2014-08-01,coal,235,2014,8,.60000002
2014-08-01,natural,235,2014,8,2.5899999
2014-08-01,nuclear,235,2014,8,1.12
2014-08-01,petroleum,235,2014,8,2.26
2014-08-01,total,235,2014,8,7.4000001
2014-08-01,windsolarandhydro,235,2014,8,.28
2014-09-01,bioenergywaste,236,2014,9,.55000001
2014-09-01,coal,236,2014,9,.74000001
2014-09-01,natural,236,2014,9,2.49
2014-09-01,nuclear,236,2014,9,1.01
2014-09-01,petroleum,236,2014,9,3.3800001
2014-09-01,total,236,2014,9,8.3400002
2014-09-01,windsolarandhydro,236,2014,9,.17
2014-10-01,bioenergywaste,237,2014,10,.83999997
2014-10-01,coal,237,2014,10,.64999998
2014-10-01,natural,237,2014,10,2.95
2014-10-01,nuclear,237,2014,10,.87
2014-10-01,petroleum,237,2014,10,3.73
2014-10-01,total,237,2014,10,9.4099998
2014-10-01,windsolarandhydro,237,2014,10,.37
2014-11-01,bioenergywaste,238,2014,11,.83999997
2014-11-01,coal,238,2014,11,.56999999
2014-11-01,natural,238,2014,11,3.0899999
2014-11-01,nuclear,238,2014,11,.86000001
2014-11-01,petroleum,238,2014,11,3.6800001
2014-11-01,total,238,2014,11,9.3500004
2014-11-01,windsolarandhydro,238,2014,11,.31
2014-12-01,bioenergywaste,239,2014,12,.83999997
2014-12-01,coal,239,2014,12,.51999998
2014-12-01,natural,239,2014,12,3.1400001
2014-12-01,nuclear,239,2014,12,1.3200001
2014-12-01,petroleum,239,2014,12,3.97
2014-12-01,total,239,2014,12,10.23
2014-12-01,windsolarandhydro,239,2014,12,.44
2015-01-01,bioenergywaste,240,2015,1,.93000001
2015-01-01,coal,240,2015,1,.46000001
2015-01-01,natural,240,2015,1,3.3299999
2015-01-01,nuclear,240,2015,1,1.46
2015-01-01,petroleum,240,2015,1,4.1599998
2015-01-01,total,240,2015,1,10.83
2015-01-01,windsolarandhydro,240,2015,1,.49000001
2015-02-01,bioenergywaste,241,2015,2,.93000001
2015-02-01,coal,241,2015,2,.69
2015-02-01,natural,241,2015,2,2.95
2015-02-01,nuclear,241,2015,2,1.29
2015-02-01,petroleum,241,2015,2,3.51
2015-02-01,total,241,2015,2,9.7299995
2015-02-01,windsolarandhydro,241,2015,2,.36000001
2015-03-01,bioenergywaste,242,2015,3,.93000001
2015-03-01,coal,242,2015,3,.79000002
2015-03-01,natural,242,2015,3,3.4100001
2015-03-01,nuclear,242,2015,3,1.25
2015-03-01,petroleum,242,2015,3,4.0700002
2015-03-01,total,242,2015,3,10.87
2015-03-01,windsolarandhydro,242,2015,3,.41999999
2015-04-01,bioenergywaste,243,2015,4,.63999999
2015-04-01,coal,243,2015,4,.47999999
2015-04-01,natural,243,2015,4,3.3900001
2015-04-01,nuclear,243,2015,4,1.24
2015-04-01,petroleum,243,2015,4,4.3400002
2015-04-01,total,243,2015,4,10.43
2015-04-01,windsolarandhydro,243,2015,4,.34
2015-05-01,bioenergywaste,244,2015,5,.63999999
2015-05-01,coal,244,2015,5,.50999999
2015-05-01,natural,244,2015,5,3.6900001
2015-05-01,nuclear,244,2015,5,1.26
2015-05-01,petroleum,244,2015,5,4.8000002
2015-05-01,total,244,2015,5,11.33
2015-05-01,windsolarandhydro,244,2015,5,.43000001
2015-06-01,bioenergywaste,245,2015,6,.63999999
2015-06-01,coal,245,2015,6,.54000002
2015-06-01,natural,245,2015,6,3.1199999
2015-06-01,nuclear,245,2015,6,1.22
2015-06-01,petroleum,245,2015,6,4.0500002
2015-06-01,total,245,2015,6,9.9099998
2015-06-01,windsolarandhydro,245,2015,6,.34
2015-07-01,bioenergywaste,246,2015,7,.56999999
2015-07-01,coal,246,2015,7,.31
2015-07-01,natural,246,2015,7,2.9000001
2015-07-01,nuclear,246,2015,7,1.27
2015-07-01,petroleum,246,2015,7,3.9400001
2015-07-01,total,246,2015,7,9.3299999
2015-07-01,windsolarandhydro,246,2015,7,.34
2015-08-01,bioenergywaste,247,2015,8,.56999999
2015-08-01,coal,247,2015,8,.23999999
2015-08-01,natural,247,2015,8,2.9100001
2015-08-01,nuclear,247,2015,8,1.2
2015-08-01,petroleum,247,2015,8,3.6900001
2015-08-01,total,247,2015,8,8.9300003
2015-08-01,windsolarandhydro,247,2015,8,.31999999
2015-09-01,bioenergywaste,248,2015,9,.56999999
2015-09-01,coal,248,2015,9,.34999999
2015-09-01,natural,248,2015,9,2.73
2015-09-01,nuclear,248,2015,9,1.1799999
2015-09-01,petroleum,248,2015,9,3.75
2015-09-01,total,248,2015,9,8.8599997
2015-09-01,windsolarandhydro,248,2015,9,.28
2015-10-01,bioenergywaste,249,2015,10,.89999998
2015-10-01,coal,249,2015,10,.37
2015-10-01,natural,249,2015,10,3.24
2015-10-01,nuclear,249,2015,10,1.36
2015-10-01,petroleum,249,2015,10,4.3200002
2015-10-01,total,249,2015,10,10.48
2015-10-01,windsolarandhydro,249,2015,10,.28999999
2015-11-01,bioenergywaste,250,2015,11,.89999998
2015-11-01,coal,250,2015,11,.36000001
2015-11-01,natural,250,2015,11,3.53
2015-11-01,nuclear,250,2015,11,1.3
2015-11-01,petroleum,250,2015,11,4.3000002
2015-11-01,total,250,2015,11,10.87
2015-11-01,windsolarandhydro,250,2015,11,.47999999
2015-12-01,bioenergywaste,251,2015,12,.89999998
2015-12-01,coal,251,2015,12,.28999999
2015-12-01,natural,251,2015,12,3.6400001
2015-12-01,nuclear,251,2015,12,1.4400001
2015-12-01,petroleum,251,2015,12,4.6100001
2015-12-01,total,251,2015,12,11.44
2015-12-01,windsolarandhydro,251,2015,12,.56
2016-01-01,bioenergywaste,252,2016,1,1.03
2016-01-01,coal,252,2016,1,.20999999
2016-01-01,natural,252,2016,1,3.6400001
2016-01-01,nuclear,252,2016,1,1.3099999
2016-01-01,petroleum,252,2016,1,4.6999998
2016-01-01,total,252,2016,1,11.39
2016-01-01,windsolarandhydro,252,2016,1,.5
2016-02-01,bioenergywaste,253,2016,2,1.03
2016-02-01,coal,253,2016,2,.23
2016-02-01,natural,253,2016,2,3.2
2016-02-01,nuclear,253,2016,2,1.2
2016-02-01,petroleum,253,2016,2,4.46
2016-02-01,total,253,2016,2,10.55
2016-02-01,windsolarandhydro,253,2016,2,.43000001
2016-03-01,bioenergywaste,254,2016,3,1.03
2016-03-01,coal,254,2016,3,.25
2016-03-01,natural,254,2016,3,3.3699999
2016-03-01,nuclear,254,2016,3,1.21
2016-03-01,petroleum,254,2016,3,4.6300001
2016-03-01,total,254,2016,3,10.85
2016-03-01,windsolarandhydro,254,2016,3,.36000001
2016-04-01,bioenergywaste,255,2016,4,.81999999
2016-04-01,coal,255,2016,4,.2
2016-04-01,natural,255,2016,4,3.29
2016-04-01,nuclear,255,2016,4,1.14
2016-04-01,petroleum,255,2016,4,4.5
2016-04-01,total,255,2016,4,10.33
2016-04-01,windsolarandhydro,255,2016,4,.38
2016-05-01,bioenergywaste,256,2016,5,.81999999
2016-05-01,coal,256,2016,5,.23
2016-05-01,natural,256,2016,5,3.53
2016-05-01,nuclear,256,2016,5,1.1900001
2016-05-01,petroleum,256,2016,5,4.6700001
2016-05-01,total,256,2016,5,10.82
2016-05-01,windsolarandhydro,256,2016,5,.38
2016-06-01,bioenergywaste,257,2016,6,.81999999
2016-06-01,coal,257,2016,6,.23
2016-06-01,natural,257,2016,6,2.8800001
2016-06-01,nuclear,257,2016,6,1.24
2016-06-01,petroleum,257,2016,6,4.0799999
2016-06-01,total,257,2016,6,9.5200005
2016-06-01,windsolarandhydro,257,2016,6,.27000001
2016-07-01,bioenergywaste,258,2016,7,.70999998
2016-07-01,coal,258,2016,7,.23
2016-07-01,natural,258,2016,7,3.45
2016-07-01,nuclear,258,2016,7,1.37
2016-07-01,petroleum,258,2016,7,4.6300001
2016-07-01,total,258,2016,7,10.74
2016-07-01,windsolarandhydro,258,2016,7,.34999999
2016-08-01,bioenergywaste,259,2016,8,.70999998
2016-08-01,coal,259,2016,8,.23
2016-08-01,natural,259,2016,8,2.95
2016-08-01,nuclear,259,2016,8,1.35
2016-08-01,petroleum,259,2016,8,3.96
2016-08-01,total,259,2016,8,9.5799999
2016-08-01,windsolarandhydro,259,2016,8,.38
2016-09-01,bioenergywaste,260,2016,9,.70999998
2016-09-01,coal,260,2016,9,.23999999
2016-09-01,natural,260,2016,9,3.0999999
2016-09-01,nuclear,260,2016,9,1.33
2016-09-01,petroleum,260,2016,9,3.76
2016-09-01,total,260,2016,9,9.5299997
2016-09-01,windsolarandhydro,260,2016,9,.38999999
2016-10-01,bioenergywaste,261,2016,10,.80000001
2016-10-01,coal,261,2016,10,.28999999
2016-10-01,natural,261,2016,10,3.45
2016-10-01,nuclear,261,2016,10,1.3099999
2016-10-01,petroleum,261,2016,10,3.6500001
2016-10-01,total,261,2016,10,9.8199997
2016-10-01,windsolarandhydro,261,2016,10,.31999999
2016-11-01,bioenergywaste,262,2016,11,.80000001
2016-11-01,coal,262,2016,11,.28
2016-11-01,natural,262,2016,11,3.4100001
2016-11-01,nuclear,262,2016,11,1.36
2016-11-01,petroleum,262,2016,11,4.3600001
2016-11-01,total,262,2016,11,10.57
2016-11-01,windsolarandhydro,262,2016,11,.36000001
2016-12-01,bioenergywaste,263,2016,12,.80000001
2016-12-01,coal,263,2016,12,.23999999
2016-12-01,natural,263,2016,12,3.6099999
2016-12-01,nuclear,263,2016,12,1.38
2016-12-01,petroleum,263,2016,12,4.5500002
2016-12-01,total,263,2016,12,11
2016-12-01,windsolarandhydro,263,2016,12,.41999999
2017-01-01,bioenergywaste,264,2017,1,1.02
2017-01-01,coal,264,2017,1,.16
2017-01-01,natural,264,2017,1,3.8900001
2017-01-01,nuclear,264,2017,1,1.27
2017-01-01,petroleum,264,2017,1,4.5900002
2017-01-01,total,264,2017,1,11.37
2017-01-01,windsolarandhydro,264,2017,1,.44
2017-02-01,bioenergywaste,265,2017,2,1.02
2017-02-01,coal,265,2017,2,.23999999
2017-02-01,natural,265,2017,2,3.25
2017-02-01,nuclear,265,2017,2,1.25
2017-02-01,petroleum,265,2017,2,4.0599999
2017-02-01,total,265,2017,2,10.3
2017-02-01,windsolarandhydro,265,2017,2,.47999999
2017-03-01,bioenergywaste,266,2017,3,1.02
2017-03-01,coal,266,2017,3,.20999999
2017-03-01,natural,266,2017,3,3.5699999
2017-03-01,nuclear,266,2017,3,1.28
2017-03-01,petroleum,266,2017,3,4.5100002
2017-03-01,total,266,2017,3,11.08
2017-03-01,windsolarandhydro,266,2017,3,.49000001
2017-04-01,bioenergywaste,267,2017,4,.91000003
2017-04-01,coal,267,2017,4,.15000001
2017-04-01,natural,267,2017,4,3.55
2017-04-01,nuclear,267,2017,4,1.16
2017-04-01,petroleum,267,2017,4,4.2199998
2017-04-01,total,267,2017,4,10.44
2017-04-01,windsolarandhydro,267,2017,4,.44999999
2017-05-01,bioenergywaste,268,2017,5,.91000003
2017-05-01,coal,268,2017,5,.15000001
2017-05-01,natural,268,2017,5,3.6700001
2017-05-01,nuclear,268,2017,5,1.3099999
2017-05-01,petroleum,268,2017,5,4.46
2017-05-01,total,268,2017,5,10.92
2017-05-01,windsolarandhydro,268,2017,5,.41999999
2017-06-01,bioenergywaste,269,2017,6,.91000003
2017-06-01,coal,269,2017,6,.18000001
2017-06-01,natural,269,2017,6,3.1300001
2017-06-01,nuclear,269,2017,6,1.36
2017-06-01,petroleum,269,2017,6,4.3200002
2017-06-01,total,269,2017,6,10.37
2017-06-01,windsolarandhydro,269,2017,6,.47
2017-07-01,bioenergywaste,270,2017,7,.76999998
2017-07-01,coal,270,2017,7,.16
2017-07-01,natural,270,2017,7,3.04
2017-07-01,nuclear,270,2017,7,1.26
2017-07-01,petroleum,270,2017,7,4.3600001
2017-07-01,total,270,2017,7,9.9899998
2017-07-01,windsolarandhydro,270,2017,7,.40000001
2017-08-01,bioenergywaste,271,2017,8,.76999998
2017-08-01,coal,271,2017,8,.16
2017-08-01,natural,271,2017,8,2.49
2017-08-01,nuclear,271,2017,8,1.36
2017-08-01,petroleum,271,2017,8,3.9000001
2017-08-01,total,271,2017,8,9.0900002
2017-08-01,windsolarandhydro,271,2017,8,.41
2017-09-01,bioenergywaste,272,2017,9,.76999998
2017-09-01,coal,272,2017,9,.17
2017-09-01,natural,272,2017,9,2.9100001
2017-09-01,nuclear,272,2017,9,1.29
2017-09-01,petroleum,272,2017,9,4.0300002
2017-09-01,total,272,2017,9,9.6300001
2017-09-01,windsolarandhydro,272,2017,9,.46000001
2017-10-01,bioenergywaste,273,2017,10,1.02
2017-10-01,coal,273,2017,10,.16
2017-10-01,natural,273,2017,10,3.8
2017-10-01,nuclear,273,2017,10,1.29
2017-10-01,petroleum,273,2017,10,4.5100002
2017-10-01,total,273,2017,10,11.38
2017-10-01,windsolarandhydro,273,2017,10,.60000002
2017-11-01,bioenergywaste,274,2017,11,1.02
2017-11-01,coal,274,2017,11,.17
2017-11-01,natural,274,2017,11,3.73
2017-11-01,nuclear,274,2017,11,1.15
2017-11-01,petroleum,274,2017,11,4.52
2017-11-01,total,274,2017,11,11.14
2017-11-01,windsolarandhydro,274,2017,11,.55000001
2017-12-01,bioenergywaste,275,2017,12,1.02
2017-12-01,coal,275,2017,12,.16
2017-12-01,natural,275,2017,12,2.98
2017-12-01,nuclear,275,2017,12,1.15
2017-12-01,petroleum,275,2017,12,3.6099999
2017-12-01,total,275,2017,12,9.5100002
2017-12-01,windsolarandhydro,275,2017,12,.58999997
2018-01-01,bioenergywaste,276,2018,1,1.0700001
2018-01-01,coal,276,2018,1,.11
2018-01-01,natural,276,2018,1,3.6199999
2018-01-01,nuclear,276,2018,1,1.2
2018-01-01,petroleum,276,2018,1,5
2018-01-01,total,276,2018,1,11.67
2018-01-01,windsolarandhydro,276,2018,1,.67000002
2018-02-01,bioenergywaste,277,2018,2,1.0700001
2018-02-01,coal,277,2018,2,.18000001
2018-02-01,natural,277,2018,2,3.29
2018-02-01,nuclear,277,2018,2,1.17
2018-02-01,petroleum,277,2018,2,4.46
2018-02-01,total,277,2018,2,10.72
2018-02-01,windsolarandhydro,277,2018,2,.55000001
2018-03-01,bioenergywaste,278,2018,3,1.0700001
2018-03-01,coal,278,2018,3,.16
2018-03-01,natural,278,2018,3,3.3599999
2018-03-01,nuclear,278,2018,3,1.23
2018-03-01,petroleum,278,2018,3,4.5100002
2018-03-01,total,278,2018,3,10.9
2018-03-01,windsolarandhydro,278,2018,3,.56999999
2018-04-01,bioenergywaste,279,2018,4,.94
2018-04-01,coal,279,2018,4,.17
2018-04-01,natural,279,2018,4,3.53
2018-04-01,nuclear,279,2018,4,1.1799999
2018-04-01,petroleum,279,2018,4,4.8600001
2018-04-01,total,279,2018,4,11.21
2018-04-01,windsolarandhydro,279,2018,4,.52999997
2018-05-01,bioenergywaste,280,2018,5,.94
2018-05-01,coal,280,2018,5,.16
2018-05-01,natural,280,2018,5,3.3399999
2018-05-01,nuclear,280,2018,5,1.1799999
2018-05-01,petroleum,280,2018,5,4.8000002
2018-05-01,total,280,2018,5,10.88
2018-05-01,windsolarandhydro,280,2018,5,.46000001
2018-06-01,bioenergywaste,281,2018,6,.94
2018-06-01,coal,281,2018,6,.16
2018-06-01,natural,281,2018,6,2.76
2018-06-01,nuclear,281,2018,6,1.23
2018-06-01,petroleum,281,2018,6,5.0100002
2018-06-01,total,281,2018,6,10.49
2018-06-01,windsolarandhydro,281,2018,6,.38999999
2018-07-01,bioenergywaste,282,2018,7,.87
2018-07-01,coal,282,2018,7,.14
2018-07-01,natural,282,2018,7,3.1800001
2018-07-01,nuclear,282,2018,7,1.23
2018-07-01,petroleum,282,2018,7,4.1700001
2018-07-01,total,282,2018,7,9.9399996
2018-07-01,windsolarandhydro,282,2018,7,.34999999
2018-08-01,bioenergywaste,283,2018,8,.87
2018-08-01,coal,283,2018,8,.15000001
2018-08-01,natural,283,2018,8,2.8900001
2018-08-01,nuclear,283,2018,8,1.29
2018-08-01,petroleum,283,2018,8,4.3299999
2018-08-01,total,283,2018,8,9.9799995
2018-08-01,windsolarandhydro,283,2018,8,.44999999
2018-09-01,bioenergywaste,284,2018,9,.87
2018-09-01,coal,284,2018,9,.19
2018-09-01,natural,284,2018,9,2.95
2018-09-01,nuclear,284,2018,9,1.21
2018-09-01,petroleum,284,2018,9,4.1399999
2018-09-01,total,284,2018,9,9.9300003
2018-09-01,windsolarandhydro,284,2018,9,.56999999
2018-10-01,bioenergywaste,285,2018,10,1.12
2018-10-01,coal,285,2018,10,.15000001
2018-10-01,natural,285,2018,10,3.1600001
2018-10-01,nuclear,285,2018,10,.99000001
2018-10-01,petroleum,285,2018,10,4.96
2018-10-01,total,285,2018,10,10.99
2018-10-01,windsolarandhydro,285,2018,10,.61000001
2018-11-01,bioenergywaste,286,2018,11,1.12
2018-11-01,coal,286,2018,11,.18000001
2018-11-01,natural,286,2018,11,3.28
2018-11-01,nuclear,286,2018,11,1.02
2018-11-01,petroleum,286,2018,11,4.77
2018-11-01,total,286,2018,11,11.04
2018-11-01,windsolarandhydro,286,2018,11,.67000002
2018-12-01,bioenergywaste,287,2018,12,1.12
2018-12-01,coal,287,2018,12,.16
2018-12-01,natural,287,2018,12,3.47
2018-12-01,nuclear,287,2018,12,1.13
2018-12-01,petroleum,287,2018,12,5.0300002
2018-12-01,total,287,2018,12,11.54
2018-12-01,windsolarandhydro,287,2018,12,.63
2019-01-01,bioenergywaste,288,2019,1,1.02
2019-01-01,coal,288,2019,1,.15000001
2019-01-01,natural,288,2019,1,3.3399999
2019-01-01,nuclear,288,2019,1,1.05
2019-01-01,petroleum,288,2019,1,5.0500002
2019-01-01,total,288,2019,1,11.2
2019-01-01,windsolarandhydro,288,2019,1,.58999997
2019-02-01,bioenergywaste,289,2019,2,1.02
2019-02-01,coal,289,2019,2,.18000001
2019-02-01,natural,289,2019,2,3
2019-02-01,nuclear,289,2019,2,.98000002
2019-02-01,petroleum,289,2019,2,4.8000002
2019-02-01,total,289,2019,2,10.58
2019-02-01,windsolarandhydro,289,2019,2,.60000002
2019-03-01,bioenergywaste,290,2019,3,1.02
2019-03-01,coal,290,2019,3,.16
2019-03-01,natural,290,2019,3,3.27
2019-03-01,nuclear,290,2019,3,.95999998
2019-03-01,petroleum,290,2019,3,5.25
2019-03-01,total,290,2019,3,11.38
2019-03-01,windsolarandhydro,290,2019,3,.72000003
2019-04-01,bioenergywaste,291,2019,4,.99000001
2019-04-01,coal,291,2019,4,.13
2019-04-01,natural,291,2019,4,3.1199999
2019-04-01,nuclear,291,2019,4,1.05
2019-04-01,petroleum,291,2019,4,4.79
2019-04-01,total,291,2019,4,10.63
2019-04-01,windsolarandhydro,291,2019,4,.55000001
2019-05-01,bioenergywaste,292,2019,5,.99000001
2019-05-01,coal,292,2019,5,.17
2019-05-01,natural,292,2019,5,3.23
2019-05-01,nuclear,292,2019,5,1.04
2019-05-01,petroleum,292,2019,5,4.9899998
2019-05-01,total,292,2019,5,10.86
2019-05-01,windsolarandhydro,292,2019,5,.44
2019-06-01,bioenergywaste,293,2019,6,.99000001
2019-06-01,coal,293,2019,6,.14
2019-06-01,natural,293,2019,6,2.73
2019-06-01,nuclear,293,2019,6,.72000003
2019-06-01,petroleum,293,2019,6,4.5599999
2019-06-01,total,293,2019,6,9.6499996
2019-06-01,windsolarandhydro,293,2019,6,.50999999
2019-07-01,bioenergywaste,294,2019,7,.88
2019-07-01,coal,294,2019,7,.14
2019-07-01,natural,294,2019,7,2.96
2019-07-01,nuclear,294,2019,7,.88
2019-07-01,petroleum,294,2019,7,4.6700001
2019-07-01,total,294,2019,7,10.01
2019-07-01,windsolarandhydro,294,2019,7,.47999999
2019-08-01,bioenergywaste,295,2019,8,.88
2019-08-01,coal,295,2019,8,.14
2019-08-01,natural,295,2019,8,2.75
2019-08-01,nuclear,295,2019,8,.98000002
2019-08-01,petroleum,295,2019,8,4.1599998
2019-08-01,total,295,2019,8,9.5200005
2019-08-01,windsolarandhydro,295,2019,8,.61000001
2019-09-01,bioenergywaste,296,2019,9,.88
2019-09-01,coal,296,2019,9,.16
2019-09-01,natural,296,2019,9,2.6300001
2019-09-01,nuclear,296,2019,9,1.0700001
2019-09-01,petroleum,296,2019,9,4.8099999
2019-09-01,total,296,2019,9,10.17
2019-09-01,windsolarandhydro,296,2019,9,.62
2019-10-01,bioenergywaste,297,2019,10,1.22
2019-10-01,coal,297,2019,10,.15000001
2019-10-01,natural,297,2019,10,3.25
2019-10-01,nuclear,297,2019,10,1.14
2019-10-01,petroleum,297,2019,10,4.6399999
2019-10-01,total,297,2019,10,11.05
2019-10-01,windsolarandhydro,297,2019,10,.64999998
2019-11-01,bioenergywaste,298,2019,11,1.22
2019-11-01,coal,298,2019,11,.14
2019-11-01,natural,298,2019,11,3.55
2019-11-01,nuclear,298,2019,11,1.1
2019-11-01,petroleum,298,2019,11,4.8600001
2019-11-01,total,298,2019,11,11.42
2019-11-01,windsolarandhydro,298,2019,11,.55000001
2019-12-01,bioenergywaste,299,2019,12,1.22
2019-12-01,coal,299,2019,12,.13
2019-12-01,natural,299,2019,12,3.5699999
2019-12-01,nuclear,299,2019,12,1.12
2019-12-01,petroleum,299,2019,12,4.9200001
2019-12-01,total,299,2019,12,11.7
2019-12-01,windsolarandhydro,299,2019,12,.74000001
2020-01-01,bioenergywaste,300,2020,1,1.21
2020-01-01,coal,300,2020,1,.14
2020-01-01,natural,300,2020,1,3.51
2020-01-01,nuclear,300,2020,1,1.13
2020-01-01,petroleum,300,2020,1,5.0999999
2020-01-01,total,300,2020,1,11.97
2020-01-01,windsolarandhydro,300,2020,1,.88
2020-02-01,bioenergywaste,301,2020,2,1.21
2020-02-01,coal,301,2020,2,.13
2020-02-01,natural,301,2020,2,3.1800001
2020-02-01,nuclear,301,2020,2,.89999998
2020-02-01,petroleum,301,2020,2,4.6999998
2020-02-01,total,301,2020,2,11.07
2020-02-01,windsolarandhydro,301,2020,2,.94999999
2020-03-01,bioenergywaste,302,2020,3,1.21
2020-03-01,coal,302,2020,3,.12
2020-03-01,natural,302,2020,3,3.24
2020-03-01,nuclear,302,2020,3,.75999999
2020-03-01,petroleum,302,2020,3,4.5700002
2020-03-01,total,302,2020,3,10.72
2020-03-01,windsolarandhydro,302,2020,3,.81999999
2020-04-01,bioenergywaste,303,2020,4,.94999999
2020-04-01,coal,303,2020,4,.07
2020-04-01,natural,303,2020,4,3.3599999
2020-04-01,nuclear,303,2020,4,.86000001
2020-04-01,petroleum,303,2020,4,4.9299998
2020-04-01,total,303,2020,4,10.75
2020-04-01,windsolarandhydro,303,2020,4,.57999998
2020-05-01,bioenergywaste,304,2020,5,.94999999
2020-05-01,coal,304,2020,5,.11
2020-05-01,natural,304,2020,5,3.4400001
2020-05-01,nuclear,304,2020,5,.93000001
2020-05-01,petroleum,304,2020,5,4.6100001
2020-05-01,total,304,2020,5,10.61
2020-05-01,windsolarandhydro,304,2020,5,.56999999
2020-06-01,bioenergywaste,305,2020,6,.94999999
2020-06-01,coal,305,2020,6,.11
2020-06-01,natural,305,2020,6,3.1600001
2020-06-01,nuclear,305,2020,6,.74000001
2020-06-01,petroleum,305,2020,6,4.6500001
2020-06-01,total,305,2020,6,10.18
2020-06-01,windsolarandhydro,305,2020,6,.56999999
2020-07-01,bioenergywaste,306,2020,7,.88999999
2020-07-01,coal,306,2020,7,.12
2020-07-01,natural,306,2020,7,3.22
2020-07-01,nuclear,306,2020,7,.87
2020-07-01,petroleum,306,2020,7,4.52
2020-07-01,total,306,2020,7,10.18
2020-07-01,windsolarandhydro,306,2020,7,.56
2020-08-01,bioenergywaste,307,2020,8,.88999999
2020-08-01,coal,307,2020,8,.079999998
2020-08-01,natural,307,2020,8,2.6900001
2020-08-01,nuclear,307,2020,8,.69999999
2020-08-01,petroleum,307,2020,8,3.8
2020-08-01,total,307,2020,8,8.71
2020-08-01,windsolarandhydro,307,2020,8,.55000001
2020-09-01,bioenergywaste,308,2020,9,.88999999
2020-09-01,coal,308,2020,9,.079999998
2020-09-01,natural,308,2020,9,2.47
2020-09-01,nuclear,308,2020,9,.75999999
2020-09-01,petroleum,308,2020,9,3.76
2020-09-01,total,308,2020,9,8.5799999
2020-09-01,windsolarandhydro,308,2020,9,.62
2020-10-01,bioenergywaste,309,2020,10,1.1900001
2020-10-01,coal,309,2020,10,.079999998
2020-10-01,natural,309,2020,10,3.2
2020-10-01,nuclear,309,2020,10,1.04
2020-10-01,petroleum,309,2020,10,4.2800002
2020-10-01,total,309,2020,10,10.5
2020-10-01,windsolarandhydro,309,2020,10,.70999998
2020-11-01,bioenergywaste,310,2020,11,1.1900001
2020-11-01,coal,310,2020,11,.059999999
2020-11-01,natural,310,2020,11,2.98
2020-11-01,nuclear,310,2020,11,.97000003
2020-11-01,petroleum,310,2020,11,4.0500002
2020-11-01,total,310,2020,11,9.9300003
2020-11-01,windsolarandhydro,310,2020,11,.68000001
2020-12-01,bioenergywaste,311,2020,12,1.1900001
2020-12-01,coal,311,2020,12,.059999999
2020-12-01,natural,311,2020,12,3.27
2020-12-01,nuclear,311,2020,12,1.0599999
2020-12-01,petroleum,311,2020,12,4.6999998
2020-12-01,total,311,2020,12,10.99
2020-12-01,windsolarandhydro,311,2020,12,.70999998
2021-01-01,bioenergywaste,312,2021,1,1.22
2021-01-01,coal,312,2021,1,.059999999
2021-01-01,natural,312,2021,1,2.99
2021-01-01,nuclear,312,2021,1,.97000003
2021-01-01,petroleum,312,2021,1,4.46
2021-01-01,total,312,2021,1,10.36
2021-01-01,windsolarandhydro,312,2021,1,.66000003
2021-02-01,bioenergywaste,313,2021,2,1.22
2021-02-01,coal,313,2021,2,.050000001
2021-02-01,natural,313,2021,2,2.53
2021-02-01,nuclear,313,2021,2,.74000001
2021-02-01,petroleum,313,2021,2,3.78
2021-02-01,total,313,2021,2,9.0799999
2021-02-01,windsolarandhydro,313,2021,2,.75999999
2021-03-01,bioenergywaste,314,2021,3,1.22
2021-03-01,coal,314,2021,3,.07
2021-03-01,natural,314,2021,3,3.04
2021-03-01,nuclear,314,2021,3,.75
2021-03-01,petroleum,314,2021,3,4.48
2021-03-01,total,314,2021,3,10.25
2021-03-01,windsolarandhydro,314,2021,3,.69
2021-04-01,bioenergywaste,315,2021,4,1.09
2021-04-01,coal,315,2021,4,.079999998
2021-04-01,natural,315,2021,4,2.24
2021-04-01,nuclear,315,2021,4,.81
2021-04-01,petroleum,315,2021,4,3.29
2021-04-01,total,315,2021,4,8.0100002
2021-04-01,windsolarandhydro,315,2021,4,.5
2021-05-01,bioenergywaste,316,2021,5,1.09
2021-05-01,coal,316,2021,5,.090000004
2021-05-01,natural,316,2021,5,2.22
2021-05-01,nuclear,316,2021,5,.75999999
2021-05-01,petroleum,316,2021,5,3.53
2021-05-01,total,316,2021,5,8.2299995
2021-05-01,windsolarandhydro,316,2021,5,.54000002
2021-06-01,bioenergywaste,317,2021,6,1.09
2021-06-01,coal,317,2021,6,.07
2021-06-01,natural,317,2021,6,1.47
2021-06-01,nuclear,317,2021,6,.86000001
2021-06-01,petroleum,317,2021,6,2.8199999
2021-06-01,total,317,2021,6,6.7600002
2021-06-01,windsolarandhydro,317,2021,6,.44999999
2021-07-01,bioenergywaste,318,2021,7,.89999998
2021-07-01,coal,318,2021,7,.050000001
2021-07-01,natural,318,2021,7,2.1199999
2021-07-01,nuclear,318,2021,7,.74000001
2021-07-01,petroleum,318,2021,7,3.5899999
2021-07-01,total,318,2021,7,7.77
2021-07-01,windsolarandhydro,318,2021,7,.37
2021-08-01,bioenergywaste,319,2021,8,.89999998
2021-08-01,coal,319,2021,8,.059999999
2021-08-01,natural,319,2021,8,2.6800001
2021-08-01,nuclear,319,2021,8,.73000002
2021-08-01,petroleum,319,2021,8,3.8499999
2021-08-01,total,319,2021,8,8.6899996
2021-08-01,windsolarandhydro,319,2021,8,.47
2021-09-01,bioenergywaste,320,2021,9,.89999998
2021-09-01,coal,320,2021,9,.059999999
2021-09-01,natural,320,2021,9,2.6700001
2021-09-01,nuclear,320,2021,9,.79000002
2021-09-01,petroleum,320,2021,9,3.73
2021-09-01,total,320,2021,9,8.6000004
2021-09-01,windsolarandhydro,320,2021,9,.44999999
2021-10-01,bioenergywaste,321,2021,10,1.1900001
2021-10-01,coal,321,2021,10,.039999999
2021-10-01,natural,321,2021,10,3.04
2021-10-01,nuclear,321,2021,10,.75
2021-10-01,petroleum,321,2021,10,3.9400001
2021-10-01,total,321,2021,10,9.71
2021-10-01,windsolarandhydro,321,2021,10,.75
