date,type,Mt
01/01/1995,bioenergywaste,1.72
01/01/1995,coal,50.849998
01/01/1995,naturalgas,78.589996
01/01/1995,netimports,0
01/01/1995,nuclear,18.26
01/01/1995,petroleum,73.610001
01/01/1995,total,223.03
01/01/1995,windsolarandhydro,0
01/01/1996,bioenergywaste,1.77
01/01/1996,coal,51.900002
01/01/1996,naturalgas,85.309998
01/01/1996,netimports,0
01/01/1996,nuclear,21.790001
01/01/1996,petroleum,64.449997
01/01/1996,total,225.22
01/01/1996,windsolarandhydro,0
01/01/1997,bioenergywaste,1.91
01/01/1997,coal,52.779999
01/01/1997,naturalgas,89.980003
01/01/1997,netimports,1.33
01/01/1997,nuclear,21.9
01/01/1997,petroleum,73.470001
01/01/1997,total,241.37
01/01/1997,windsolarandhydro,0
01/01/1998,bioenergywaste,2.0799999
01/01/1998,coal,40.759998
01/01/1998,naturalgas,88.589996
01/01/1998,netimports,1.27
01/01/1998,nuclear,22.780001
01/01/1998,petroleum,68.370003
01/01/1998,total,224.36
01/01/1998,windsolarandhydro,.50999999
01/01/1999,bioenergywaste,2.23
01/01/1999,coal,36.34
01/01/1999,naturalgas,95.440002
01/01/1999,netimports,.93000001
01/01/1999,nuclear,23.610001
01/01/1999,petroleum,77.769997
01/01/1999,total,236.86
01/01/1999,windsolarandhydro,.54000002
01/01/2000,bioenergywaste,2.3099999
01/01/2000,coal,38.689999
01/01/2000,naturalgas,98.720001
01/01/2000,netimports,.81
01/01/2000,nuclear,20.299999
01/01/2000,petroleum,79.650002
01/01/2000,total,241.09
01/01/2000,windsolarandhydro,.61000001
01/01/2001,bioenergywaste,2.53
01/01/2001,coal,39.310001
01/01/2001,naturalgas,99.400002
01/01/2001,netimports,1.04
01/01/2001,nuclear,20.389999
01/01/2001,petroleum,78.099998
01/01/2001,total,241.14
01/01/2001,windsolarandhydro,.37
01/01/2002,bioenergywaste,2.75
01/01/2002,coal,40.540001
01/01/2002,naturalgas,94.349998
01/01/2002,netimports,.44
01/01/2002,nuclear,20.030001
01/01/2002,petroleum,76.18
01/01/2002,total,234.75999
01/01/2002,windsolarandhydro,.47
01/01/2003,bioenergywaste,3.1099999
01/01/2003,coal,36.130001
01/01/2003,naturalgas,96.870003
01/01/2003,netimports,.63
01/01/2003,nuclear,20.24
01/01/2003,petroleum,70.889999
01/01/2003,total,228.22
01/01/2003,windsolarandhydro,.34999999
01/01/2004,bioenergywaste,3.3
01/01/2004,coal,38.919998
01/01/2004,naturalgas,96.349998
01/01/2004,netimports,.73000002
01/01/2004,nuclear,18.24
01/01/2004,petroleum,83.279999
01/01/2004,total,241.38
01/01/2004,windsolarandhydro,.56
01/01/2005,bioenergywaste,4.3000002
01/01/2005,coal,42.23
01/01/2005,naturalgas,97.120003
01/01/2005,netimports,.62
01/01/2005,nuclear,20.629999
01/01/2005,petroleum,86.290001
01/01/2005,total,251.88
01/01/2005,windsolarandhydro,.69
01/01/2006,bioenergywaste,4.52
01/01/2006,coal,46.32
01/01/2006,naturalgas,89.040001
01/01/2006,netimports,.67000002
01/01/2006,nuclear,19.25
01/01/2006,petroleum,73.550003
01/01/2006,total,233.92999
01/01/2006,windsolarandhydro,.57999998
01/01/2007,bioenergywaste,4.8000002
01/01/2007,coal,48.220001
01/01/2007,naturalgas,92.720001
01/01/2007,netimports,.31
01/01/2007,nuclear,13.41
01/01/2007,petroleum,79.610001
01/01/2007,total,239.98
01/01/2007,windsolarandhydro,.91000003
01/01/2008,bioenergywaste,5.9299998
01/01/2008,coal,38.98
01/01/2008,naturalgas,96.75
01/01/2008,netimports,.95999998
01/01/2008,nuclear,12.42
01/01/2008,petroleum,75.589996
01/01/2008,total,231.8
01/01/2008,windsolarandhydro,1.17
01/01/2009,bioenergywaste,7.4299998
01/01/2009,coal,38.450001
01/01/2009,naturalgas,87.190002
01/01/2009,netimports,.079999998
01/01/2009,nuclear,10.52
01/01/2009,petroleum,70.510002
01/01/2009,total,215.37
01/01/2009,windsolarandhydro,1.1900001
01/01/2010,bioenergywaste,8.2399998
01/01/2010,coal,29.799999
01/01/2010,naturalgas,93.089996
01/01/2010,netimports,-.75
01/01/2010,nuclear,15.24
01/01/2010,petroleum,68.019997
01/01/2010,total,214.58
01/01/2010,windsolarandhydro,.94
01/01/2011,bioenergywaste,8.6000004
01/01/2011,coal,32.25
01/01/2011,naturalgas,87.870003
01/01/2011,netimports,.49000001
01/01/2011,nuclear,15.96
01/01/2011,petroleum,67.230003
01/01/2011,total,213.7
01/01/2011,windsolarandhydro,1.3
01/01/2012,bioenergywaste,9.1700001
01/01/2012,coal,35.630001
01/01/2012,naturalgas,74.669998
01/01/2012,netimports,1.45
01/01/2012,nuclear,13.83
01/01/2012,petroleum,66.309998
01/01/2012,total,203.32001
01/01/2012,windsolarandhydro,2.26
01/01/2013,bioenergywaste,9.6599998
01/01/2013,coal,36.360001
01/01/2013,naturalgas,73.639999
01/01/2013,netimports,.86000001
01/01/2013,nuclear,15.98
01/01/2013,petroleum,60.799999
01/01/2013,total,199.69
01/01/2013,windsolarandhydro,2.3900001
01/01/2014,bioenergywaste,10.52
01/01/2014,coal,36.099998
01/01/2014,naturalgas,68.559998
01/01/2014,netimports,1.84
01/01/2014,nuclear,14.43
01/01/2014,petroleum,62.139999
01/01/2014,total,197.53
01/01/2014,windsolarandhydro,3.9400001
01/01/2015,bioenergywaste,12.13
01/01/2015,coal,28.1
01/01/2015,naturalgas,69.339996
01/01/2015,netimports,1.74
01/01/2015,nuclear,16.219999
01/01/2015,petroleum,65.900002
01/01/2015,total,198.11
01/01/2015,windsolarandhydro,4.6799998
01/01/2016,bioenergywaste,13.77
01/01/2016,coal,15.02
01/01/2016,naturalgas,73.949997
01/01/2016,netimports,1.88
01/01/2016,nuclear,14.92
01/01/2016,petroleum,64.389999
01/01/2016,total,188.67999
01/01/2016,windsolarandhydro,4.75
01/01/2017,bioenergywaste,14.04
01/01/2017,coal,13.7
01/01/2017,naturalgas,78.980003
01/01/2017,netimports,.17
01/01/2017,nuclear,14.67
01/01/2017,petroleum,65.559998
01/01/2017,total,191.34
01/01/2017,windsolarandhydro,4.2199998
01/01/2018,bioenergywaste,14.57
01/01/2018,coal,6.9299998
01/01/2018,naturalgas,78.300003
01/01/2018,netimports,2.22
01/01/2018,nuclear,13.83
01/01/2018,petroleum,66.879997
01/01/2018,total,189.46001
01/01/2018,windsolarandhydro,6.73
01/01/2019,bioenergywaste,15.7
01/01/2019,coal,6.3800001
01/01/2019,naturalgas,78.07
01/01/2019,netimports,1.37
01/01/2019,nuclear,11.97
01/01/2019,petroleum,68.199997
01/01/2019,total,187.73
01/01/2019,windsolarandhydro,6.04
01/01/2020,bioenergywaste,18.200001
01/01/2020,coal,6.8600001
01/01/2020,naturalgas,69.639999
01/01/2020,netimports,1.4299999
01/01/2020,nuclear,12.8
01/01/2020,petroleum,64.160004
01/01/2020,total,182.21001
01/01/2020,windsolarandhydro,9.1199999
01/01/2021,bioenergywaste,17.700001
01/01/2021,coal,5.02
01/01/2021,naturalgas,73.339996
01/01/2021,netimports,2.03
01/01/2021,nuclear,10.78
01/01/2021,petroleum,47.619999
01/01/2021,total,163.39
01/01/2021,windsolarandhydro,6.9000001
01/02/1995,bioenergywaste,1.72
01/02/1995,coal,56.029999
01/02/1995,naturalgas,80.629997
01/02/1995,netimports,0
01/02/1995,nuclear,19.6
01/02/1995,petroleum,81.059998
01/02/1995,total,239.03999
01/02/1995,windsolarandhydro,0
01/02/1996,bioenergywaste,1.77
01/02/1996,coal,51.630001
01/02/1996,naturalgas,92.279999
01/02/1996,netimports,0
01/02/1996,nuclear,20.91
01/02/1996,petroleum,78.370003
01/02/1996,total,244.96001
01/02/1996,windsolarandhydro,0
01/02/1997,bioenergywaste,1.91
01/02/1997,coal,38.869999
01/02/1997,naturalgas,97.080002
01/02/1997,netimports,1.37
01/02/1997,nuclear,23.629999
01/02/1997,petroleum,74.110001
01/02/1997,total,236.97
01/02/1997,windsolarandhydro,0
01/02/1998,bioenergywaste,2.0799999
01/02/1998,coal,42.77
01/02/1998,naturalgas,87.489998
01/02/1998,netimports,1.37
01/02/1998,nuclear,22.75
01/02/1998,petroleum,76.050003
01/02/1998,total,233
01/02/1998,windsolarandhydro,.49000001
01/02/1999,bioenergywaste,2.23
01/02/1999,coal,31.940001
01/02/1999,naturalgas,95.860001
01/02/1999,netimports,1.21
01/02/1999,nuclear,23.59
01/02/1999,petroleum,76.410004
01/02/1999,total,231.74001
01/02/1999,windsolarandhydro,.5
01/02/2000,bioenergywaste,2.3099999
01/02/2000,coal,38.009998
01/02/2000,naturalgas,102
01/02/2000,netimports,1.08
01/02/2000,nuclear,19.700001
01/02/2000,petroleum,84
01/02/2000,total,247.74001
01/02/2000,windsolarandhydro,.63999999
01/02/2001,bioenergywaste,2.53
01/02/2001,coal,45.740002
01/02/2001,naturalgas,97.290001
01/02/2001,netimports,1
01/02/2001,nuclear,19.85
01/02/2001,petroleum,74.239998
01/02/2001,total,240.99001
01/02/2001,windsolarandhydro,.34
01/02/2002,bioenergywaste,2.75
01/02/2002,coal,40.529999
01/02/2002,naturalgas,95.349998
01/02/2002,netimports,.57999998
01/02/2002,nuclear,20.559999
01/02/2002,petroleum,72.349998
01/02/2002,total,232.75999
01/02/2002,windsolarandhydro,.63999999
01/02/2003,bioenergywaste,3.1099999
01/02/2003,coal,39.299999
01/02/2003,naturalgas,94.220001
01/02/2003,netimports,.14
01/02/2003,nuclear,20.41
01/02/2003,petroleum,71.660004
01/02/2003,total,229.2
01/02/2003,windsolarandhydro,.36000001
01/02/2004,bioenergywaste,3.3
01/02/2004,coal,40.639999
01/02/2004,naturalgas,99.790001
01/02/2004,netimports,.56999999
01/02/2004,nuclear,18.76
01/02/2004,petroleum,58.630001
01/02/2004,total,222.25
01/02/2004,windsolarandhydro,.56
01/02/2005,bioenergywaste,4.3000002
01/02/2005,coal,45.080002
01/02/2005,naturalgas,93.919998
01/02/2005,netimports,.27000001
01/02/2005,nuclear,18.09
01/02/2005,petroleum,75.970001
01/02/2005,total,238.25999
01/02/2005,windsolarandhydro,.63
01/02/2006,bioenergywaste,4.52
01/02/2006,coal,44.77
01/02/2006,naturalgas,89.690002
01/02/2006,netimports,.23
01/02/2006,nuclear,18.1
01/02/2006,petroleum,77.68
01/02/2006,total,235.58
01/02/2006,windsolarandhydro,.58999997
01/02/2007,bioenergywaste,4.8000002
01/02/2007,coal,40.060001
01/02/2007,naturalgas,95.139999
01/02/2007,netimports,.25
01/02/2007,nuclear,12.79
01/02/2007,petroleum,68
01/02/2007,total,221.94
01/02/2007,windsolarandhydro,.89999998
01/02/2008,bioenergywaste,5.9299998
01/02/2008,coal,37.139999
01/02/2008,naturalgas,97.230003
01/02/2008,netimports,.82999998
01/02/2008,nuclear,13.04
01/02/2008,petroleum,73.470001
01/02/2008,total,228.82001
01/02/2008,windsolarandhydro,1.1799999
01/02/2009,bioenergywaste,7.4299998
01/02/2009,coal,37.099998
01/02/2009,naturalgas,82.959999
01/02/2009,netimports,.2
01/02/2009,nuclear,14.79
01/02/2009,petroleum,71.07
01/02/2009,total,214.61
01/02/2009,windsolarandhydro,1.0599999
01/02/2010,bioenergywaste,8.2399998
01/02/2010,coal,29.73
01/02/2010,naturalgas,89.959999
01/02/2010,netimports,-.56999999
01/02/2010,nuclear,14.52
01/02/2010,petroleum,69.68
01/02/2010,total,212.34
01/02/2010,windsolarandhydro,.77999997
01/02/2011,bioenergywaste,8.6000004
01/02/2011,coal,34.540001
01/02/2011,naturalgas,81.339996
01/02/2011,netimports,.23999999
01/02/2011,nuclear,16.4
01/02/2011,petroleum,68.419998
01/02/2011,total,211.24001
01/02/2011,windsolarandhydro,1.7
01/02/2012,bioenergywaste,9.1700001
01/02/2012,coal,40.650002
01/02/2012,naturalgas,75.889999
01/02/2012,netimports,-.54000002
01/02/2012,nuclear,16.129999
01/02/2012,petroleum,65.580002
01/02/2012,total,209.03999
01/02/2012,windsolarandhydro,2.1600001
01/02/2013,bioenergywaste,9.6599998
01/02/2013,coal,33.580002
01/02/2013,naturalgas,72.879997
01/02/2013,netimports,.81
01/02/2013,nuclear,14.78
01/02/2013,petroleum,63.240002
01/02/2013,total,197.33
01/02/2013,windsolarandhydro,2.3800001
01/02/2014,bioenergywaste,10.52
01/02/2014,coal,34.240002
01/02/2014,naturalgas,67.540001
01/02/2014,netimports,1.71
01/02/2014,nuclear,13.66
01/02/2014,petroleum,63.900002
01/02/2014,total,196.27
01/02/2014,windsolarandhydro,4.6999998
01/02/2015,bioenergywaste,12.23
01/02/2015,coal,27
01/02/2015,naturalgas,70.379997
01/02/2015,netimports,1.5599999
01/02/2015,nuclear,16
01/02/2015,petroleum,66.110001
01/02/2015,total,197.2
01/02/2015,windsolarandhydro,3.9200001
01/02/2016,bioenergywaste,13.89
01/02/2016,coal,16.690001
01/02/2016,naturalgas,75.940002
01/02/2016,netimports,2.0899999
01/02/2016,nuclear,14.9
01/02/2016,petroleum,65.360001
01/02/2016,total,193.50999
01/02/2016,windsolarandhydro,4.6399999
01/02/2017,bioenergywaste,14.18
01/02/2017,coal,14.06
01/02/2017,naturalgas,74.870003
01/02/2017,netimports,1.09
01/02/2017,nuclear,15.52
01/02/2017,petroleum,69.660004
01/02/2017,total,194.42
01/02/2017,windsolarandhydro,5.04
01/02/2018,bioenergywaste,14.69
01/02/2018,coal,9.8699999
01/02/2018,naturalgas,78.839996
01/02/2018,netimports,1.71
01/02/2018,nuclear,14.61
01/02/2018,petroleum,67.809998
01/02/2018,total,193.36
01/02/2018,windsolarandhydro,5.8299999
01/02/2019,bioenergywaste,15.82
01/02/2019,coal,5.75
01/02/2019,naturalgas,74.959999
01/02/2019,netimports,2.22
01/02/2019,nuclear,12.49
01/02/2019,petroleum,65.120003
01/02/2019,total,182.58
01/02/2019,windsolarandhydro,6.2199998
01/02/2020,bioenergywaste,18.299999
01/02/2020,coal,6.8000002
01/02/2020,naturalgas,74.290001
01/02/2020,netimports,2.1500001
01/02/2020,nuclear,11.61
01/02/2020,petroleum,66.57
01/02/2020,total,189.44
01/02/2020,windsolarandhydro,9.7200003
01/02/2021,bioenergywaste,17.75
01/02/2021,coal,5.0100002
01/02/2021,naturalgas,72.980003
01/02/2021,netimports,2.3
01/02/2021,nuclear,9.6700001
01/02/2021,petroleum,44.990002
01/02/2021,total,160.38
01/02/2021,windsolarandhydro,7.6799998
01/03/1995,bioenergywaste,1.72
01/03/1995,coal,55.52
01/03/1995,naturalgas,76.290001
01/03/1995,netimports,0
01/03/1995,nuclear,20.24
01/03/1995,petroleum,76.900002
01/03/1995,total,230.67
01/03/1995,windsolarandhydro,0
01/03/1996,bioenergywaste,1.77
01/03/1996,coal,52.810001
01/03/1996,naturalgas,84.669998
01/03/1996,netimports,0
01/03/1996,nuclear,21.940001
01/03/1996,petroleum,65.239998
01/03/1996,total,226.42999
01/03/1996,windsolarandhydro,0
01/03/1997,bioenergywaste,1.91
01/03/1997,coal,40.369999
01/03/1997,naturalgas,91.099998
01/03/1997,netimports,1.7
01/03/1997,nuclear,22.639999
01/03/1997,petroleum,73.25
01/03/1997,total,230.97
01/03/1997,windsolarandhydro,0
01/03/1998,bioenergywaste,2.0799999
01/03/1998,coal,41.040001
01/03/1998,naturalgas,95.040001
01/03/1998,netimports,1.71
01/03/1998,nuclear,24.049999
01/03/1998,petroleum,76.120003
01/03/1998,total,240.63
01/03/1998,windsolarandhydro,.58999997
01/03/1999,bioenergywaste,2.23
01/03/1999,coal,38.73
01/03/1999,naturalgas,100.72
01/03/1999,netimports,1.6
01/03/1999,nuclear,22.969999
01/03/1999,petroleum,83.629997
01/03/1999,total,250.42999
01/03/1999,windsolarandhydro,.55000001
01/03/2000,bioenergywaste,2.3099999
01/03/2000,coal,35.259998
01/03/2000,naturalgas,105.98
01/03/2000,netimports,1.45
01/03/2000,nuclear,19.98
01/03/2000,petroleum,75.449997
01/03/2000,total,241.03
01/03/2000,windsolarandhydro,.60000002
01/03/2001,bioenergywaste,2.53
01/03/2001,coal,41.91
01/03/2001,naturalgas,103.67
01/03/2001,netimports,1.3
01/03/2001,nuclear,18.959999
01/03/2001,petroleum,73.900002
01/03/2001,total,242.59
01/03/2001,windsolarandhydro,.31999999
01/03/2002,bioenergywaste,2.75
01/03/2002,coal,40.150002
01/03/2002,naturalgas,100.87
01/03/2002,netimports,.86000001
01/03/2002,nuclear,21.370001
01/03/2002,petroleum,80.519997
01/03/2002,total,247.16
01/03/2002,windsolarandhydro,.63999999
01/03/2003,bioenergywaste,3.1099999
01/03/2003,coal,43.009998
01/03/2003,naturalgas,99.669998
01/03/2003,netimports,.059999999
01/03/2003,nuclear,20.549999
01/03/2003,petroleum,71.019997
01/03/2003,total,237.81
01/03/2003,windsolarandhydro,.38999999
01/03/2004,bioenergywaste,3.3
01/03/2004,coal,41.130001
01/03/2004,naturalgas,102.99
01/03/2004,netimports,.029999999
01/03/2004,nuclear,22.09
01/03/2004,petroleum,70.300003
01/03/2004,total,240.34
01/03/2004,windsolarandhydro,.5
01/03/2005,bioenergywaste,4.3000002
01/03/2005,coal,42.200001
01/03/2005,naturalgas,99.18
01/03/2005,netimports,.55000001
01/03/2005,nuclear,17.540001
01/03/2005,petroleum,76.209999
01/03/2005,total,240.60001
01/03/2005,windsolarandhydro,.62
01/03/2006,bioenergywaste,4.52
01/03/2006,coal,47.18
01/03/2006,naturalgas,89.449997
01/03/2006,netimports,.54000002
01/03/2006,nuclear,19.52
01/03/2006,petroleum,86.580002
01/03/2006,total,248.41
01/03/2006,windsolarandhydro,.62
01/03/2007,bioenergywaste,4.8000002
01/03/2007,coal,41.240002
01/03/2007,naturalgas,97.940002
01/03/2007,netimports,.58999997
01/03/2007,nuclear,12.37
01/03/2007,petroleum,79.720001
01/03/2007,total,237.67999
01/03/2007,windsolarandhydro,1.02
01/03/2008,bioenergywaste,5.9299998
01/03/2008,coal,38.849998
01/03/2008,naturalgas,98.169998
01/03/2008,netimports,.69999999
01/03/2008,nuclear,11.09
01/03/2008,petroleum,76.760002
01/03/2008,total,232.71001
01/03/2008,windsolarandhydro,1.21
01/03/2009,bioenergywaste,7.4299998
01/03/2009,coal,33.66
01/03/2009,naturalgas,85.169998
01/03/2009,netimports,.30000001
01/03/2009,nuclear,16.280001
01/03/2009,petroleum,72.940002
01/03/2009,total,217.07001
01/03/2009,windsolarandhydro,1.29
01/03/2010,bioenergywaste,8.2399998
01/03/2010,coal,26.870001
01/03/2010,naturalgas,96.18
01/03/2010,netimports,-.41999999
01/03/2010,nuclear,15.57
01/03/2010,petroleum,70.739998
01/03/2010,total,218.24001
01/03/2010,windsolarandhydro,1.0599999
01/03/2011,bioenergywaste,8.6000004
01/03/2011,coal,35.919998
01/03/2011,naturalgas,83.870003
01/03/2011,netimports,.37
01/03/2011,nuclear,17.27
01/03/2011,petroleum,66.5
01/03/2011,total,213.75999
01/03/2011,windsolarandhydro,1.23
01/03/2012,bioenergywaste,9.1700001
01/03/2012,coal,44.240002
01/03/2012,naturalgas,73.129997
01/03/2012,netimports,1.14
01/03/2012,nuclear,11.95
01/03/2012,petroleum,68.610001
01/03/2012,total,210.03999
01/03/2012,windsolarandhydro,1.8
01/03/2013,bioenergywaste,9.6599998
01/03/2013,coal,33.259998
01/03/2013,naturalgas,73.650002
01/03/2013,netimports,1.23
01/03/2013,nuclear,14.59
01/03/2013,petroleum,62.740002
01/03/2013,total,197.7
01/03/2013,windsolarandhydro,2.5699999
01/03/2014,bioenergywaste,10.52
01/03/2014,coal,36
01/03/2014,naturalgas,67.269997
01/03/2014,netimports,1.49
01/03/2014,nuclear,13.88
01/03/2014,petroleum,64.330002
01/03/2014,total,197.7
01/03/2014,windsolarandhydro,4.21
01/03/2015,bioenergywaste,12.3
01/03/2015,coal,29.74
01/03/2015,naturalgas,69.040001
01/03/2015,netimports,1.8200001
01/03/2015,nuclear,15.23
01/03/2015,petroleum,65.720001
01/03/2015,total,198.66
01/03/2015,windsolarandhydro,4.8099999
01/03/2016,bioenergywaste,14
01/03/2016,coal,15.54
01/03/2016,naturalgas,77.449997
01/03/2016,netimports,2.26
01/03/2016,nuclear,14.85
01/03/2016,petroleum,68.629997
01/03/2016,total,196.74001
01/03/2016,windsolarandhydro,4.0100002
01/03/2017,bioenergywaste,14.3
01/03/2017,coal,9.9700003
01/03/2017,naturalgas,77.800003
01/03/2017,netimports,1.4299999
01/03/2017,nuclear,15.69
01/03/2017,petroleum,68.029999
01/03/2017,total,192.58
01/03/2017,windsolarandhydro,5.3600001
01/03/2018,bioenergywaste,14.79
01/03/2018,coal,14.83
01/03/2018,naturalgas,77.459999
01/03/2018,netimports,1.62
01/03/2018,nuclear,15.2
01/03/2018,petroleum,65.760002
01/03/2018,total,196.03999
01/03/2018,windsolarandhydro,6.3800001
01/03/2019,bioenergywaste,15.92
01/03/2019,coal,5.9299998
01/03/2019,naturalgas,73.849998
01/03/2019,netimports,2.6500001
01/03/2019,nuclear,12.11
01/03/2019,petroleum,64.690002
01/03/2019,total,183.00999
01/03/2019,windsolarandhydro,7.8600001
01/03/2020,bioenergywaste,18.379999
01/03/2020,coal,5.7800002
01/03/2020,naturalgas,72.82
01/03/2020,netimports,2.4000001
01/03/2020,nuclear,9.8000002
01/03/2020,petroleum,62.139999
01/03/2020,total,180.27
01/03/2020,windsolarandhydro,8.9499998
01/03/2021,bioenergywaste,17.780001
01/03/2021,coal,5.48
01/03/2021,naturalgas,75.540001
01/03/2021,netimports,2.1800001
01/03/2021,nuclear,9.6899996
01/03/2021,petroleum,46.540001
01/03/2021,total,164.66
01/03/2021,windsolarandhydro,7.4499998
01/04/1995,bioenergywaste,1.72
01/04/1995,coal,47.459999
01/04/1995,naturalgas,72.739998
01/04/1995,netimports,0
01/04/1995,nuclear,22.58
01/04/1995,petroleum,77.190002
01/04/1995,total,221.69
01/04/1995,windsolarandhydro,0
01/04/1996,bioenergywaste,1.77
01/04/1996,coal,47.869999
01/04/1996,naturalgas,80.949997
01/04/1996,netimports,0
01/04/1996,nuclear,22.07
01/04/1996,petroleum,81.139999
01/04/1996,total,233.8
01/04/1996,windsolarandhydro,0
01/04/1997,bioenergywaste,1.91
01/04/1997,coal,41.91
01/04/1997,naturalgas,88.330002
01/04/1997,netimports,1.36
01/04/1997,nuclear,22.68
01/04/1997,petroleum,78.93
01/04/1997,total,235.12
01/04/1997,windsolarandhydro,0
01/04/1998,bioenergywaste,2.0799999
01/04/1998,coal,45.91
01/04/1998,naturalgas,88.510002
01/04/1998,netimports,1.3
01/04/1998,nuclear,22.73
01/04/1998,petroleum,73.879997
01/04/1998,total,234.91
01/04/1998,windsolarandhydro,.5
01/04/1999,bioenergywaste,2.23
01/04/1999,coal,36.91
01/04/1999,naturalgas,92.93
01/04/1999,netimports,1.24
01/04/1999,nuclear,22.120001
01/04/1999,petroleum,79.449997
01/04/1999,total,235.53
01/04/1999,windsolarandhydro,.64999998
01/04/2000,bioenergywaste,2.3099999
01/04/2000,coal,39.029999
01/04/2000,naturalgas,97.760002
01/04/2000,netimports,1.0599999
01/04/2000,nuclear,20.01
01/04/2000,petroleum,73.989998
01/04/2000,total,234.64999
01/04/2000,windsolarandhydro,.49000001
01/04/2001,bioenergywaste,2.53
01/04/2001,coal,37.57
01/04/2001,naturalgas,98.43
01/04/2001,netimports,.80000001
01/04/2001,nuclear,20.59
01/04/2001,petroleum,70.199997
01/04/2001,total,230.52
01/04/2001,windsolarandhydro,.40000001
01/04/2002,bioenergywaste,2.75
01/04/2002,coal,31.85
01/04/2002,naturalgas,95.290001
01/04/2002,netimports,.67000002
01/04/2002,nuclear,21.18
01/04/2002,petroleum,77.150002
01/04/2002,total,229.42999
01/04/2002,windsolarandhydro,.54000002
01/04/2003,bioenergywaste,3.1099999
01/04/2003,coal,45.529999
01/04/2003,naturalgas,93.589996
01/04/2003,netimports,.12
01/04/2003,nuclear,19.889999
01/04/2003,petroleum,77.519997
01/04/2003,total,240.03
01/04/2003,windsolarandhydro,.27000001
01/04/2004,bioenergywaste,3.3699999
01/04/2004,coal,40.82
01/04/2004,naturalgas,100.56
01/04/2004,netimports,.54000002
01/04/2004,nuclear,17.91
01/04/2004,petroleum,73.239998
01/04/2004,total,236.96001
01/04/2004,windsolarandhydro,.51999998
01/04/2005,bioenergywaste,3.8599999
01/04/2005,coal,40.549999
01/04/2005,naturalgas,99.160004
01/04/2005,netimports,.60000002
01/04/2005,nuclear,17.32
01/04/2005,petroleum,80.230003
01/04/2005,total,242.39
01/04/2005,windsolarandhydro,.67000002
01/04/2006,bioenergywaste,4.1300001
01/04/2006,coal,42.139999
01/04/2006,naturalgas,90.949997
01/04/2006,netimports,1.23
01/04/2006,nuclear,19.26
01/04/2006,petroleum,72.580002
01/04/2006,total,231.07001
01/04/2006,windsolarandhydro,.77999997
01/04/2007,bioenergywaste,4.3299999
01/04/2007,coal,44.040001
01/04/2007,naturalgas,97.650002
01/04/2007,netimports,-.090000004
01/04/2007,nuclear,12.78
01/04/2007,petroleum,73.980003
01/04/2007,total,233.44
01/04/2007,windsolarandhydro,.75
01/04/2008,bioenergywaste,5.79
01/04/2008,coal,46.810001
01/04/2008,naturalgas,95.400002
01/04/2008,netimports,.92000002
01/04/2008,nuclear,9.4799995
01/04/2008,petroleum,81.879997
01/04/2008,total,241.39
01/04/2008,windsolarandhydro,1.11
01/04/2009,bioenergywaste,6.04
01/04/2009,coal,32.459999
01/04/2009,naturalgas,82.279999
01/04/2009,netimports,.88
01/04/2009,nuclear,16.51
01/04/2009,petroleum,75.449997
01/04/2009,total,214.78
01/04/2009,windsolarandhydro,1.16
01/04/2010,bioenergywaste,6.8299999
01/04/2010,coal,29.719999
01/04/2010,naturalgas,89.830002
01/04/2010,netimports,.050000001
01/04/2010,nuclear,13.27
01/04/2010,petroleum,69.190002
01/04/2010,total,210
01/04/2010,windsolarandhydro,1.11
01/04/2011,bioenergywaste,6.9299998
01/04/2011,coal,33.330002
01/04/2011,naturalgas,83.599998
01/04/2011,netimports,.67000002
01/04/2011,nuclear,17.02
01/04/2011,petroleum,68.5
01/04/2011,total,211.74001
01/04/2011,windsolarandhydro,1.6900001
01/04/2012,bioenergywaste,7.0100002
01/04/2012,coal,41.799999
01/04/2012,naturalgas,69.949997
01/04/2012,netimports,1.1
01/04/2012,nuclear,15.31
01/04/2012,petroleum,64.599998
01/04/2012,total,201.69
01/04/2012,windsolarandhydro,1.92
01/04/2013,bioenergywaste,9.1400003
01/04/2013,coal,39.439999
01/04/2013,naturalgas,71.699997
01/04/2013,netimports,1.21
01/04/2013,nuclear,15
01/04/2013,petroleum,68.07
01/04/2013,total,207.84
01/04/2013,windsolarandhydro,3.28
01/04/2014,bioenergywaste,9.7700005
01/04/2014,coal,42.119999
01/04/2014,naturalgas,66.790001
01/04/2014,netimports,1.8200001
01/04/2014,nuclear,14.87
01/04/2014,petroleum,65.07
01/04/2014,total,203.92999
01/04/2014,windsolarandhydro,3.49
01/04/2015,bioenergywaste,11.7
01/04/2015,coal,31.030001
01/04/2015,naturalgas,68.279999
01/04/2015,netimports,1.95
01/04/2015,nuclear,15.37
01/04/2015,petroleum,67.239998
01/04/2015,total,199.75
01/04/2015,windsolarandhydro,4.1799998
01/04/2016,bioenergywaste,13.74
01/04/2016,coal,12.33
01/04/2016,naturalgas,78.410004
01/04/2016,netimports,1.88
01/04/2016,nuclear,14.42
01/04/2016,petroleum,68.410004
01/04/2016,total,193.89999
01/04/2016,windsolarandhydro,4.71
01/04/2017,bioenergywaste,14.42
01/04/2017,coal,8.6199999
01/04/2017,naturalgas,75.550003
01/04/2017,netimports,2.0599999
01/04/2017,nuclear,14.72
01/04/2017,petroleum,71.169998
01/04/2017,total,192.07001
01/04/2017,windsolarandhydro,5.5300002
01/04/2018,bioenergywaste,15.86
01/04/2018,coal,9.0100002
01/04/2018,naturalgas,82.059998
01/04/2018,netimports,1.74
01/04/2018,nuclear,15.03
01/04/2018,petroleum,70.93
01/04/2018,total,201.22
01/04/2018,windsolarandhydro,6.5900002
01/04/2019,bioenergywaste,17.6
01/04/2019,coal,7.1399999
01/04/2019,naturalgas,77.290001
01/04/2019,netimports,1.65
01/04/2019,nuclear,13.28
01/04/2019,petroleum,68.489998
01/04/2019,total,192.17
01/04/2019,windsolarandhydro,6.7199998
01/04/2020,bioenergywaste,17.440001
01/04/2020,coal,6.3200002
01/04/2020,naturalgas,67.849998
01/04/2020,netimports,1.8200001
01/04/2020,nuclear,10.82
01/04/2020,petroleum,41.959999
01/04/2020,total,153.39
01/04/2020,windsolarandhydro,7.1799998
01/04/2021,bioenergywaste,18.84
01/04/2021,coal,6.04
01/04/2021,naturalgas,74.589996
01/04/2021,netimports,1.59
01/04/2021,nuclear,10.08
01/04/2021,petroleum,52.650002
01/04/2021,total,170.00999
01/04/2021,windsolarandhydro,6.2199998
01/05/1995,bioenergywaste,1.72
01/05/1995,coal,52.220001
01/05/1995,naturalgas,70.050003
01/05/1995,netimports,0
01/05/1995,nuclear,19.43
01/05/1995,petroleum,75.260002
01/05/1995,total,218.67999
01/05/1995,windsolarandhydro,0
01/05/1996,bioenergywaste,1.77
01/05/1996,coal,44.040001
01/05/1996,naturalgas,77.610001
01/05/1996,netimports,0
01/05/1996,nuclear,22.299999
01/05/1996,petroleum,76.839996
01/05/1996,total,222.56
01/05/1996,windsolarandhydro,0
01/05/1997,bioenergywaste,1.91
01/05/1997,coal,30.57
01/05/1997,naturalgas,86.040001
01/05/1997,netimports,1.3200001
01/05/1997,nuclear,23.16
01/05/1997,petroleum,72.580002
01/05/1997,total,215.58
01/05/1997,windsolarandhydro,0
01/05/1998,bioenergywaste,2.0799999
01/05/1998,coal,40.939999
01/05/1998,naturalgas,87.419998
01/05/1998,netimports,1.34
01/05/1998,nuclear,21.969999
01/05/1998,petroleum,77.25
01/05/1998,total,231.53999
01/05/1998,windsolarandhydro,.54000002
01/05/1999,bioenergywaste,2.23
01/05/1999,coal,37.07
01/05/1999,naturalgas,92.959999
01/05/1999,netimports,1.27
01/05/1999,nuclear,23.610001
01/05/1999,petroleum,77.059998
01/05/1999,total,234.74001
01/05/1999,windsolarandhydro,.54000002
01/05/2000,bioenergywaste,2.3099999
01/05/2000,coal,40.34
01/05/2000,naturalgas,95.839996
01/05/2000,netimports,1.33
01/05/2000,nuclear,21.52
01/05/2000,petroleum,74.110001
01/05/2000,total,235.89
01/05/2000,windsolarandhydro,.44
01/05/2001,bioenergywaste,2.53
01/05/2001,coal,40.02
01/05/2001,naturalgas,96.709999
01/05/2001,netimports,.86000001
01/05/2001,nuclear,19.110001
01/05/2001,petroleum,75.389999
01/05/2001,total,235
01/05/2001,windsolarandhydro,.38
01/05/2002,bioenergywaste,2.75
01/05/2002,coal,39.380001
01/05/2002,naturalgas,102.24
01/05/2002,netimports,1.17
01/05/2002,nuclear,18.83
01/05/2002,petroleum,68.220001
01/05/2002,total,233.21001
01/05/2002,windsolarandhydro,.62
01/05/2003,bioenergywaste,3.1099999
01/05/2003,coal,42.77
01/05/2003,naturalgas,96.970001
01/05/2003,netimports,.31
01/05/2003,nuclear,20.66
01/05/2003,petroleum,75.970001
01/05/2003,total,240.34
01/05/2003,windsolarandhydro,.55000001
01/05/2004,bioenergywaste,3.3699999
01/05/2004,coal,39.57
01/05/2004,naturalgas,97.720001
01/05/2004,netimports,.41999999
01/05/2004,nuclear,16.82
01/05/2004,petroleum,81.959999
01/05/2004,total,240.31
01/05/2004,windsolarandhydro,.44999999
01/05/2005,bioenergywaste,3.8599999
01/05/2005,coal,39.689999
01/05/2005,naturalgas,98.669998
01/05/2005,netimports,.97000003
01/05/2005,nuclear,18.75
01/05/2005,petroleum,75.330002
01/05/2005,total,237.96001
01/05/2005,windsolarandhydro,.69
01/05/2006,bioenergywaste,4.1300001
01/05/2006,coal,46.990002
01/05/2006,naturalgas,90.610001
01/05/2006,netimports,1.1799999
01/05/2006,nuclear,19.02
01/05/2006,petroleum,81.610001
01/05/2006,total,244.34
01/05/2006,windsolarandhydro,.80000001
01/05/2007,bioenergywaste,4.3299999
01/05/2007,coal,44.799999
01/05/2007,naturalgas,94.550003
01/05/2007,netimports,.28999999
01/05/2007,nuclear,13.07
01/05/2007,petroleum,82.400002
01/05/2007,total,240.28
01/05/2007,windsolarandhydro,.83999997
01/05/2008,bioenergywaste,5.79
01/05/2008,coal,38.93
01/05/2008,naturalgas,94.019997
01/05/2008,netimports,1.4400001
01/05/2008,nuclear,11.97
01/05/2008,petroleum,70.720001
01/05/2008,total,223.71001
01/05/2008,windsolarandhydro,.83999997
01/05/2009,bioenergywaste,6.04
01/05/2009,coal,31.299999
01/05/2009,naturalgas,84.610001
01/05/2009,netimports,1.26
01/05/2009,nuclear,14.34
01/05/2009,petroleum,70.230003
01/05/2009,total,209.31
01/05/2009,windsolarandhydro,1.53
01/05/2010,bioenergywaste,6.8299999
01/05/2010,coal,30.139999
01/05/2010,naturalgas,90.730003
01/05/2010,netimports,.44
01/05/2010,nuclear,11.96
01/05/2010,petroleum,70.57
01/05/2010,total,211.58
01/05/2010,windsolarandhydro,.91000003
01/05/2011,bioenergywaste,6.9299998
01/05/2011,coal,30.889999
01/05/2011,naturalgas,79.419998
01/05/2011,netimports,.14
01/05/2011,nuclear,17.51
01/05/2011,petroleum,63.220001
01/05/2011,total,200.73
01/05/2011,windsolarandhydro,2.6199999
01/05/2012,bioenergywaste,7.0100002
01/05/2012,coal,43.689999
01/05/2012,naturalgas,76.540001
01/05/2012,netimports,1.15
01/05/2012,nuclear,16.1
01/05/2012,petroleum,66.360001
01/05/2012,total,212.86
01/05/2012,windsolarandhydro,2.01
01/05/2013,bioenergywaste,9.1400003
01/05/2013,coal,41.75
01/05/2013,naturalgas,70.900002
01/05/2013,netimports,1.27
01/05/2013,nuclear,12.11
01/05/2013,petroleum,67.190002
01/05/2013,total,205.74001
01/05/2013,windsolarandhydro,3.3800001
01/05/2014,bioenergywaste,9.7700005
01/05/2014,coal,37.5
01/05/2014,naturalgas,68.410004
01/05/2014,netimports,1.8200001
01/05/2014,nuclear,15.06
01/05/2014,petroleum,63.470001
01/05/2014,total,199.03999
01/05/2014,windsolarandhydro,3.01
01/05/2015,bioenergywaste,11.78
01/05/2015,coal,27.18
01/05/2015,naturalgas,68.489998
01/05/2015,netimports,1.9
01/05/2015,nuclear,15.35
01/05/2015,petroleum,65.739998
01/05/2015,total,195.95
01/05/2015,windsolarandhydro,5.5100002
01/05/2016,bioenergywaste,13.82
01/05/2016,coal,12.36
01/05/2016,naturalgas,78.139999
01/05/2016,netimports,1.97
01/05/2016,nuclear,14.57
01/05/2016,petroleum,67.599998
01/05/2016,total,193.24001
01/05/2016,windsolarandhydro,4.7800002
01/05/2017,bioenergywaste,14.5
01/05/2017,coal,10.53
01/05/2017,naturalgas,80.5
01/05/2017,netimports,1.8200001
01/05/2017,nuclear,15.93
01/05/2017,petroleum,67.690002
01/05/2017,total,196.39999
01/05/2017,windsolarandhydro,5.4299998
01/05/2018,bioenergywaste,15.93
01/05/2018,coal,8.8199997
01/05/2018,naturalgas,72.43
01/05/2018,netimports,1.84
01/05/2018,nuclear,14.18
01/05/2018,petroleum,66.989998
01/05/2018,total,186.36
01/05/2018,windsolarandhydro,6.1700001
01/05/2019,bioenergywaste,17.719999
01/05/2019,coal,6.6900001
01/05/2019,naturalgas,75.57
01/05/2019,netimports,2.27
01/05/2019,nuclear,12.48
01/05/2019,petroleum,66.519997
01/05/2019,total,187.2
01/05/2019,windsolarandhydro,5.9499998
01/05/2020,bioenergywaste,17.549999
01/05/2020,coal,6.1700001
01/05/2020,naturalgas,69.68
01/05/2020,netimports,1.83
01/05/2020,nuclear,11.09
01/05/2020,petroleum,31.49
01/05/2020,total,145.62
01/05/2020,windsolarandhydro,7.8099999
01/05/2021,bioenergywaste,18.940001
01/05/2021,coal,7.5900002
01/05/2021,naturalgas,79.160004
01/05/2021,netimports,2.1199999
01/05/2021,nuclear,9.0299997
01/05/2021,petroleum,55.130001
01/05/2021,total,179.42
01/05/2021,windsolarandhydro,7.4499998
01/06/1995,bioenergywaste,1.72
01/06/1995,coal,48.75
01/06/1995,naturalgas,62.689999
01/06/1995,netimports,0
01/06/1995,nuclear,21.639999
01/06/1995,petroleum,72.220001
01/06/1995,total,207.02
01/06/1995,windsolarandhydro,0
01/06/1996,bioenergywaste,1.77
01/06/1996,coal,45.91
01/06/1996,naturalgas,67.529999
01/06/1996,netimports,0
01/06/1996,nuclear,21.959999
01/06/1996,petroleum,74.529999
01/06/1996,total,211.7
01/06/1996,windsolarandhydro,0
01/06/1997,bioenergywaste,1.91
01/06/1997,coal,42.43
01/06/1997,naturalgas,77.300003
01/06/1997,netimports,1.51
01/06/1997,nuclear,23.049999
01/06/1997,petroleum,75.230003
01/06/1997,total,221.42999
01/06/1997,windsolarandhydro,0
01/06/1998,bioenergywaste,2.0799999
01/06/1998,coal,44.650002
01/06/1998,naturalgas,98.879997
01/06/1998,netimports,1.47
01/06/1998,nuclear,24
01/06/1998,petroleum,90.059998
01/06/1998,total,261.59
01/06/1998,windsolarandhydro,.44999999
01/06/1999,bioenergywaste,2.23
01/06/1999,coal,34.360001
01/06/1999,naturalgas,96.629997
01/06/1999,netimports,1.3200001
01/06/1999,nuclear,25.49
01/06/1999,petroleum,81.139999
01/06/1999,total,241.77
01/06/1999,windsolarandhydro,.60000002
01/06/2000,bioenergywaste,2.3099999
01/06/2000,coal,39.509998
01/06/2000,naturalgas,103.34
01/06/2000,netimports,1.51
01/06/2000,nuclear,18.530001
01/06/2000,petroleum,76.839996
01/06/2000,total,242.48
01/06/2000,windsolarandhydro,.44
01/06/2001,bioenergywaste,2.53
01/06/2001,coal,49.720001
01/06/2001,naturalgas,95.720001
01/06/2001,netimports,1.0599999
01/06/2001,nuclear,17.6
01/06/2001,petroleum,71.669998
01/06/2001,total,238.7
01/06/2001,windsolarandhydro,.40000001
01/06/2002,bioenergywaste,2.75
01/06/2002,coal,40.650002
01/06/2002,naturalgas,97.610001
01/06/2002,netimports,1.02
01/06/2002,nuclear,20.360001
01/06/2002,petroleum,71.730003
01/06/2002,total,234.87
01/06/2002,windsolarandhydro,.75
01/06/2003,bioenergywaste,3.1099999
01/06/2003,coal,49.560001
01/06/2003,naturalgas,93.290001
01/06/2003,netimports,-.11
01/06/2003,nuclear,21.379999
01/06/2003,petroleum,67.970001
01/06/2003,total,235.62
01/06/2003,windsolarandhydro,.41999999
01/06/2004,bioenergywaste,3.3699999
01/06/2004,coal,39.709999
01/06/2004,naturalgas,99.790001
01/06/2004,netimports,.77999997
01/06/2004,nuclear,17
01/06/2004,petroleum,67.269997
01/06/2004,total,228.38
01/06/2004,windsolarandhydro,.46000001
01/06/2005,bioenergywaste,3.8599999
01/06/2005,coal,42.099998
01/06/2005,naturalgas,97.93
01/06/2005,netimports,.62
01/06/2005,nuclear,18.18
01/06/2005,petroleum,78.470001
01/06/2005,total,241.89
01/06/2005,windsolarandhydro,.73000002
01/06/2006,bioenergywaste,4.1300001
01/06/2006,coal,44.32
01/06/2006,naturalgas,90.459999
01/06/2006,netimports,.54000002
01/06/2006,nuclear,16.57
01/06/2006,petroleum,72.220001
01/06/2006,total,229.02
01/06/2006,windsolarandhydro,.77999997
01/06/2007,bioenergywaste,4.3299999
01/06/2007,coal,40.16
01/06/2007,naturalgas,95.720001
01/06/2007,netimports,.72000003
01/06/2007,nuclear,14.38
01/06/2007,petroleum,73.510002
01/06/2007,total,229.74001
01/06/2007,windsolarandhydro,.92000002
01/06/2008,bioenergywaste,5.79
01/06/2008,coal,39.919998
01/06/2008,naturalgas,93.349998
01/06/2008,netimports,1.3099999
01/06/2008,nuclear,11.71
01/06/2008,petroleum,70.660004
01/06/2008,total,223.73
01/06/2008,windsolarandhydro,.99000001
01/06/2009,bioenergywaste,6.04
01/06/2009,coal,32.09
01/06/2009,naturalgas,83.599998
01/06/2009,netimports,.73000002
01/06/2009,nuclear,16.459999
01/06/2009,petroleum,67.489998
01/06/2009,total,207.61
01/06/2009,windsolarandhydro,1.2
01/06/2010,bioenergywaste,6.8299999
01/06/2010,coal,30.950001
01/06/2010,naturalgas,87.470001
01/06/2010,netimports,.98000002
01/06/2010,nuclear,11.63
01/06/2010,petroleum,66.470001
01/06/2010,total,205.31
01/06/2010,windsolarandhydro,.98000002
01/06/2011,bioenergywaste,6.9299998
01/06/2011,coal,33.09
01/06/2011,naturalgas,79.860001
01/06/2011,netimports,.76999998
01/06/2011,nuclear,17.07
01/06/2011,petroleum,69.580002
01/06/2011,total,209.34
01/06/2011,windsolarandhydro,2.04
01/06/2012,bioenergywaste,7.0100002
01/06/2012,coal,41.970001
01/06/2012,naturalgas,76.529999
01/06/2012,netimports,.98000002
01/06/2012,nuclear,15.49
01/06/2012,petroleum,66.25
01/06/2012,total,210.85001
01/06/2012,windsolarandhydro,2.6199999
01/06/2013,bioenergywaste,9.1400003
01/06/2013,coal,40.16
01/06/2013,naturalgas,71.18
01/06/2013,netimports,1.2
01/06/2013,nuclear,12.62
01/06/2013,petroleum,65.339996
01/06/2013,total,202.88
01/06/2013,windsolarandhydro,3.24
01/06/2014,bioenergywaste,9.7700005
01/06/2014,coal,29.219999
01/06/2014,naturalgas,71.019997
01/06/2014,netimports,1.6
01/06/2014,nuclear,15.95
01/06/2014,petroleum,68.32
01/06/2014,total,198.59
01/06/2014,windsolarandhydro,2.71
01/06/2015,bioenergywaste,12.02
01/06/2015,coal,26.77
01/06/2015,naturalgas,70.349998
01/06/2015,netimports,1.9299999
01/06/2015,nuclear,14.65
01/06/2015,petroleum,65.910004
01/06/2015,total,197.12
01/06/2015,windsolarandhydro,5.4899998
01/06/2016,bioenergywaste,14.07
01/06/2016,coal,13.99
01/06/2016,naturalgas,81.459999
01/06/2016,netimports,1.6799999
01/06/2016,nuclear,14.98
01/06/2016,petroleum,68.889999
01/06/2016,total,199.46001
01/06/2016,windsolarandhydro,4.3899999
01/06/2017,bioenergywaste,14.72
01/06/2017,coal,9.8299999
01/06/2017,naturalgas,74.720001
01/06/2017,netimports,1.54
01/06/2017,nuclear,16.73
01/06/2017,petroleum,69.519997
01/06/2017,total,194.35001
01/06/2017,windsolarandhydro,7.29
01/06/2018,bioenergywaste,16.120001
01/06/2018,coal,8.4099998
01/06/2018,naturalgas,72.360001
01/06/2018,netimports,1.73
01/06/2018,nuclear,15.43
01/06/2018,petroleum,69.459999
01/06/2018,total,189.48
01/06/2018,windsolarandhydro,5.9699998
01/06/2019,bioenergywaste,17.889999
01/06/2019,coal,6.5799999
01/06/2019,naturalgas,75.949997
01/06/2019,netimports,1.88
01/06/2019,nuclear,9.3299999
01/06/2019,petroleum,67.730003
01/06/2019,total,187.03
01/06/2019,windsolarandhydro,7.6700001
01/06/2020,bioenergywaste,17.67
01/06/2020,coal,6.3600001
01/06/2020,naturalgas,73.07
01/06/2020,netimports,.95999998
01/06/2020,nuclear,9.7799997
01/06/2020,petroleum,38.299999
01/06/2020,total,154.60001
01/06/2020,windsolarandhydro,8.46
01/06/2021,bioenergywaste,19.049999
01/06/2021,coal,7.6300001
01/06/2021,naturalgas,64.010002
01/06/2021,netimports,2.5699999
01/06/2021,nuclear,11.5
01/06/2021,petroleum,54.779999
01/06/2021,total,166.17999
01/06/2021,windsolarandhydro,6.6399999
01/07/1995,bioenergywaste,1.72
01/07/1995,coal,45.52
01/07/1995,naturalgas,59.580002
01/07/1995,netimports,0
01/07/1995,nuclear,22.969999
01/07/1995,petroleum,76.25
01/07/1995,total,206.03999
01/07/1995,windsolarandhydro,0
01/07/1996,bioenergywaste,1.77
01/07/1996,coal,45.630001
01/07/1996,naturalgas,68.230003
01/07/1996,netimports,0
01/07/1996,nuclear,18.99
01/07/1996,petroleum,71.18
01/07/1996,total,205.8
01/07/1996,windsolarandhydro,0
01/07/1997,bioenergywaste,1.91
01/07/1997,coal,45.200001
01/07/1997,naturalgas,78.349998
01/07/1997,netimports,1.29
01/07/1997,nuclear,23.209999
01/07/1997,petroleum,80.989998
01/07/1997,total,230.95
01/07/1997,windsolarandhydro,0
01/07/1998,bioenergywaste,2.0799999
01/07/1998,coal,49.740002
01/07/1998,naturalgas,88.379997
01/07/1998,netimports,.28999999
01/07/1998,nuclear,20.969999
01/07/1998,petroleum,71.519997
01/07/1998,total,233.44
01/07/1998,windsolarandhydro,.46000001
01/07/1999,bioenergywaste,2.23
01/07/1999,coal,36.41
01/07/1999,naturalgas,95.879997
01/07/1999,netimports,1.05
01/07/1999,nuclear,22.059999
01/07/1999,petroleum,82.760002
01/07/1999,total,241
01/07/1999,windsolarandhydro,.61000001
01/07/2000,bioenergywaste,2.3099999
01/07/2000,coal,38.419998
01/07/2000,naturalgas,95.660004
01/07/2000,netimports,1.14
01/07/2000,nuclear,19.6
01/07/2000,petroleum,71.220001
01/07/2000,total,228.75999
01/07/2000,windsolarandhydro,.41
01/07/2001,bioenergywaste,2.53
01/07/2001,coal,41.540001
01/07/2001,naturalgas,94.730003
01/07/2001,netimports,.87
01/07/2001,nuclear,21.02
01/07/2001,petroleum,77.860001
01/07/2001,total,238.99001
01/07/2001,windsolarandhydro,.44
01/07/2002,bioenergywaste,2.75
01/07/2002,coal,44.720001
01/07/2002,naturalgas,101.3
01/07/2002,netimports,.07
01/07/2002,nuclear,18.299999
01/07/2002,petroleum,81.540001
01/07/2002,total,249.24001
01/07/2002,windsolarandhydro,.56
01/07/2003,bioenergywaste,3.1199999
01/07/2003,coal,43.860001
01/07/2003,naturalgas,96.480003
01/07/2003,netimports,.050000001
01/07/2003,nuclear,16.299999
01/07/2003,petroleum,64.5
01/07/2003,total,224.69
01/07/2003,windsolarandhydro,.38
01/07/2004,bioenergywaste,3.54
01/07/2004,coal,39.73
01/07/2004,naturalgas,102
01/07/2004,netimports,.77999997
01/07/2004,nuclear,17.450001
01/07/2004,petroleum,86.540001
01/07/2004,total,250.60001
01/07/2004,windsolarandhydro,.56
01/07/2005,bioenergywaste,3.8199999
01/07/2005,coal,37.709999
01/07/2005,naturalgas,96.730003
01/07/2005,netimports,.58999997
01/07/2005,nuclear,18.459999
01/07/2005,petroleum,75.089996
01/07/2005,total,233.03999
01/07/2005,windsolarandhydro,.63999999
01/07/2006,bioenergywaste,4.1700001
01/07/2006,coal,47.509998
01/07/2006,naturalgas,83.970001
01/07/2006,netimports,.51999998
01/07/2006,nuclear,16.940001
01/07/2006,petroleum,78.879997
01/07/2006,total,232.75
01/07/2006,windsolarandhydro,.75999999
01/07/2007,bioenergywaste,4.3699999
01/07/2007,coal,43.900002
01/07/2007,naturalgas,93.010002
01/07/2007,netimports,.81
01/07/2007,nuclear,15.91
01/07/2007,petroleum,77.18
01/07/2007,total,236.24001
01/07/2007,windsolarandhydro,1.0599999
01/07/2008,bioenergywaste,6.0500002
01/07/2008,coal,39.900002
01/07/2008,naturalgas,94.089996
01/07/2008,netimports,1.39
01/07/2008,nuclear,10.63
01/07/2008,petroleum,70.519997
01/07/2008,total,223.56
01/07/2008,windsolarandhydro,.98000002
01/07/2009,bioenergywaste,5.7399998
01/07/2009,coal,29.190001
01/07/2009,naturalgas,86.129997
01/07/2009,netimports,.69
01/07/2009,nuclear,16.700001
01/07/2009,petroleum,70.040001
01/07/2009,total,209.73
01/07/2009,windsolarandhydro,1.24
01/07/2010,bioenergywaste,6.6900001
01/07/2010,coal,34.240002
01/07/2010,naturalgas,85.540001
01/07/2010,netimports,1.04
01/07/2010,nuclear,12.08
01/07/2010,petroleum,68.260002
01/07/2010,total,209.71001
01/07/2010,windsolarandhydro,1.86
01/07/2011,bioenergywaste,7.1500001
01/07/2011,coal,29.950001
01/07/2011,naturalgas,83.559998
01/07/2011,netimports,1.03
01/07/2011,nuclear,15.97
01/07/2011,petroleum,67.339996
01/07/2011,total,206.83
01/07/2011,windsolarandhydro,1.83
01/07/2012,bioenergywaste,6.8299999
01/07/2012,coal,44.34
01/07/2012,naturalgas,75.489998
01/07/2012,netimports,1.41
01/07/2012,nuclear,14.65
01/07/2012,petroleum,64.349998
01/07/2012,total,209.69
01/07/2012,windsolarandhydro,2.6199999
01/07/2013,bioenergywaste,7.9400001
01/07/2013,coal,41.720001
01/07/2013,naturalgas,67.830002
01/07/2013,netimports,1.8200001
01/07/2013,nuclear,16.459999
01/07/2013,petroleum,64.010002
01/07/2013,total,202.39999
01/07/2013,windsolarandhydro,2.6199999
01/07/2014,bioenergywaste,9.75
01/07/2014,coal,27.42
01/07/2014,naturalgas,73
01/07/2014,netimports,2
01/07/2014,nuclear,15.07
01/07/2014,petroleum,64.900002
01/07/2014,total,195.35001
01/07/2014,windsolarandhydro,3.21
01/07/2015,bioenergywaste,12.14
01/07/2015,coal,27.09
01/07/2015,naturalgas,70.400002
01/07/2015,netimports,2.0899999
01/07/2015,nuclear,14.93
01/07/2015,petroleum,67.839996
01/07/2015,total,199.75999
01/07/2015,windsolarandhydro,5.27
01/07/2016,bioenergywaste,12.81
01/07/2016,coal,12.5
01/07/2016,naturalgas,76.220001
01/07/2016,netimports,1.8099999
01/07/2016,nuclear,16.35
01/07/2016,petroleum,68.440002
01/07/2016,total,193.55
01/07/2016,windsolarandhydro,5.4200001
01/07/2017,bioenergywaste,14.43
01/07/2017,coal,9.0699997
01/07/2017,naturalgas,76.440002
01/07/2017,netimports,1.97
01/07/2017,nuclear,15.26
01/07/2017,petroleum,70.010002
01/07/2017,total,193.25999
01/07/2017,windsolarandhydro,6.0799999
01/07/2018,bioenergywaste,16.74
01/07/2018,coal,7.1900001
01/07/2018,naturalgas,71.940002
01/07/2018,netimports,2.04
01/07/2018,nuclear,15.09
01/07/2018,petroleum,68.589996
01/07/2018,total,187.02
01/07/2018,windsolarandhydro,5.4299998
01/07/2019,bioenergywaste,17.57
01/07/2019,coal,7.04
01/07/2019,naturalgas,73.879997
01/07/2019,netimports,1.67
01/07/2019,nuclear,10.89
01/07/2019,petroleum,66.400002
01/07/2019,total,184.77
01/07/2019,windsolarandhydro,7.3200002
01/07/2020,bioenergywaste,17.889999
01/07/2020,coal,6.23
01/07/2020,naturalgas,73.440002
01/07/2020,netimports,.19
01/07/2020,nuclear,10.86
01/07/2020,petroleum,44.09
01/07/2020,total,161.42
01/07/2020,windsolarandhydro,8.7200003
01/07/2021,bioenergywaste,17.940001
01/07/2021,coal,7.6999998
01/07/2021,naturalgas,71.919998
01/07/2021,netimports,2.8399999
01/07/2021,nuclear,9.21
01/07/2021,petroleum,54.009998
01/07/2021,total,169.34
01/07/2021,windsolarandhydro,5.7199998
01/08/1995,bioenergywaste,1.72
01/08/1995,coal,49.48
01/08/1995,naturalgas,56.970001
01/08/1995,netimports,0
01/08/1995,nuclear,22.32
01/08/1995,petroleum,75.559998
01/08/1995,total,206.05
01/08/1995,windsolarandhydro,0
01/08/1996,bioenergywaste,1.77
01/08/1996,coal,45.599998
01/08/1996,naturalgas,70.269997
01/08/1996,netimports,0
01/08/1996,nuclear,19.76
01/08/1996,petroleum,71.970001
01/08/1996,total,209.37
01/08/1996,windsolarandhydro,0
01/08/1997,bioenergywaste,1.91
01/08/1997,coal,35.91
01/08/1997,naturalgas,79.209999
01/08/1997,netimports,1.3099999
01/08/1997,nuclear,21.870001
01/08/1997,petroleum,60.860001
01/08/1997,total,201.07001
01/08/1997,windsolarandhydro,0
01/08/1998,bioenergywaste,2.0799999
01/08/1998,coal,40.919998
01/08/1998,naturalgas,88.489998
01/08/1998,netimports,-.029999999
01/08/1998,nuclear,21.91
01/08/1998,petroleum,78.360001
01/08/1998,total,232.42
01/08/1998,windsolarandhydro,.69
01/08/1999,bioenergywaste,2.23
01/08/1999,coal,37.25
01/08/1999,naturalgas,93.669998
01/08/1999,netimports,1.23
01/08/1999,nuclear,21.700001
01/08/1999,petroleum,71.400002
01/08/1999,total,227.92999
01/08/1999,windsolarandhydro,.44999999
01/08/2000,bioenergywaste,2.3099999
01/08/2000,coal,45.919998
01/08/2000,naturalgas,95.389999
01/08/2000,netimports,1.26
01/08/2000,nuclear,19.68
01/08/2000,petroleum,80.589996
01/08/2000,total,245.62
01/08/2000,windsolarandhydro,.47
01/08/2001,bioenergywaste,2.53
01/08/2001,coal,40.009998
01/08/2001,naturalgas,95.300003
01/08/2001,netimports,1.0599999
01/08/2001,nuclear,21.950001
01/08/2001,petroleum,78.379997
01/08/2001,total,239.72
01/08/2001,windsolarandhydro,.49000001
01/08/2002,bioenergywaste,2.75
01/08/2002,coal,36.939999
01/08/2002,naturalgas,101.72
01/08/2002,netimports,.23
01/08/2002,nuclear,19.51
01/08/2002,petroleum,72.650002
01/08/2002,total,234.25
01/08/2002,windsolarandhydro,.44999999
01/08/2003,bioenergywaste,3.1199999
01/08/2003,coal,40.869999
01/08/2003,naturalgas,96.519997
01/08/2003,netimports,.28999999
01/08/2003,nuclear,17.559999
01/08/2003,petroleum,81.440002
01/08/2003,total,240.16
01/08/2003,windsolarandhydro,.36000001
01/08/2004,bioenergywaste,3.54
01/08/2004,coal,43.200001
01/08/2004,naturalgas,97.910004
01/08/2004,netimports,.74000001
01/08/2004,nuclear,17.200001
01/08/2004,petroleum,69.120003
01/08/2004,total,232.39
01/08/2004,windsolarandhydro,.68000001
01/08/2005,bioenergywaste,3.8199999
01/08/2005,coal,38.919998
01/08/2005,naturalgas,95.75
01/08/2005,netimports,1.02
01/08/2005,nuclear,20.9
01/08/2005,petroleum,76
01/08/2005,total,237.03
01/08/2005,windsolarandhydro,.62
01/08/2006,bioenergywaste,4.1700001
01/08/2006,coal,44.98
01/08/2006,naturalgas,93.120003
01/08/2006,netimports,.75
01/08/2006,nuclear,18.969999
01/08/2006,petroleum,77.43
01/08/2006,total,240.13
01/08/2006,windsolarandhydro,.70999998
01/08/2007,bioenergywaste,4.3699999
01/08/2007,coal,45.27
01/08/2007,naturalgas,92.489998
01/08/2007,netimports,1.1
01/08/2007,nuclear,14.87
01/08/2007,petroleum,80.949997
01/08/2007,total,240.03999
01/08/2007,windsolarandhydro,.99000001
01/08/2008,bioenergywaste,6.0500002
01/08/2008,coal,34.509998
01/08/2008,naturalgas,95.470001
01/08/2008,netimports,1.3
01/08/2008,nuclear,11.86
01/08/2008,petroleum,75.139999
01/08/2008,total,225.25999
01/08/2008,windsolarandhydro,.93000001
01/08/2009,bioenergywaste,5.7399998
01/08/2009,coal,28.25
01/08/2009,naturalgas,87.18
01/08/2009,netimports,.38
01/08/2009,nuclear,16.200001
01/08/2009,petroleum,74.769997
01/08/2009,total,214.03999
01/08/2009,windsolarandhydro,1.52
01/08/2010,bioenergywaste,6.6900001
01/08/2010,coal,30.15
01/08/2010,naturalgas,89.089996
01/08/2010,netimports,1.3
01/08/2010,nuclear,12.02
01/08/2010,petroleum,71.699997
01/08/2010,total,212.38
01/08/2010,windsolarandhydro,1.4299999
01/08/2011,bioenergywaste,7.1500001
01/08/2011,coal,32.529999
01/08/2011,naturalgas,82.57
01/08/2011,netimports,.94999999
01/08/2011,nuclear,14.54
01/08/2011,petroleum,65.68
01/08/2011,total,205.2
01/08/2011,windsolarandhydro,1.78
01/08/2012,bioenergywaste,6.8299999
01/08/2012,coal,42.419998
01/08/2012,naturalgas,71.760002
01/08/2012,netimports,1.33
01/08/2012,nuclear,16.709999
01/08/2012,petroleum,66.239998
01/08/2012,total,207.64999
01/08/2012,windsolarandhydro,2.3599999
01/08/2013,bioenergywaste,7.9400001
01/08/2013,coal,44.439999
01/08/2013,naturalgas,64.779999
01/08/2013,netimports,1.5599999
01/08/2013,nuclear,17.870001
01/08/2013,petroleum,65.809998
01/08/2013,total,205.37
01/08/2013,windsolarandhydro,2.97
01/08/2014,bioenergywaste,9.75
01/08/2014,coal,27.17
01/08/2014,naturalgas,72.839996
01/08/2014,netimports,1.98
01/08/2014,nuclear,13.5
01/08/2014,petroleum,70.690002
01/08/2014,total,200.32001
01/08/2014,windsolarandhydro,4.3899999
01/08/2015,bioenergywaste,12.42
01/08/2015,coal,28
01/08/2015,naturalgas,74.209999
01/08/2015,netimports,2.03
01/08/2015,nuclear,14.24
01/08/2015,petroleum,69.540001
01/08/2015,total,205.09
01/08/2015,windsolarandhydro,4.6500001
01/08/2016,bioenergywaste,13.04
01/08/2016,coal,10.57
01/08/2016,naturalgas,76.220001
01/08/2016,netimports,1.88
01/08/2016,nuclear,16.059999
01/08/2016,petroleum,69.410004
01/08/2016,total,192.60001
01/08/2016,windsolarandhydro,5.4200001
01/08/2017,bioenergywaste,14.63
01/08/2017,coal,9.3500004
01/08/2017,naturalgas,77.040001
01/08/2017,netimports,1.95
01/08/2017,nuclear,16.030001
01/08/2017,petroleum,69.720001
01/08/2017,total,194.42
01/08/2017,windsolarandhydro,5.6999998
01/08/2018,bioenergywaste,16.889999
01/08/2018,coal,7.2600002
01/08/2018,naturalgas,74.239998
01/08/2018,netimports,1.74
01/08/2018,nuclear,15.25
01/08/2018,petroleum,70.040001
01/08/2018,total,191.62
01/08/2018,windsolarandhydro,6.1999998
01/08/2019,bioenergywaste,17.68
01/08/2019,coal,6.73
01/08/2019,naturalgas,70.839996
01/08/2019,netimports,1.58
01/08/2019,nuclear,11.68
01/08/2019,petroleum,67.809998
01/08/2019,total,184.69
01/08/2019,windsolarandhydro,8.3699999
01/08/2020,bioenergywaste,17.969999
01/08/2020,coal,6.21
01/08/2020,naturalgas,72.910004
01/08/2020,netimports,1.42
01/08/2020,nuclear,8.4099998
01/08/2020,petroleum,50.529999
01/08/2020,total,164.97
01/08/2020,windsolarandhydro,7.52
01/08/2021,bioenergywaste,18.02
01/08/2021,coal,6.8099999
01/08/2021,naturalgas,75.400002
01/08/2021,netimports,3.01
01/08/2021,nuclear,8.8599997
01/08/2021,petroleum,57.400002
01/08/2021,total,175.96001
01/08/2021,windsolarandhydro,6.46
01/09/1995,bioenergywaste,1.72
01/09/1995,coal,45.02
01/09/1995,naturalgas,69.879997
01/09/1995,netimports,0
01/09/1995,nuclear,22.65
01/09/1995,petroleum,70.110001
01/09/1995,total,209.38
01/09/1995,windsolarandhydro,0
01/09/1996,bioenergywaste,1.77
01/09/1996,coal,37.52
01/09/1996,naturalgas,76.529999
01/09/1996,netimports,0
01/09/1996,nuclear,23.860001
01/09/1996,petroleum,75.919998
01/09/1996,total,215.60001
01/09/1996,windsolarandhydro,0
01/09/1997,bioenergywaste,1.91
01/09/1997,coal,42.970001
01/09/1997,naturalgas,80.910004
01/09/1997,netimports,1.51
01/09/1997,nuclear,20.379999
01/09/1997,petroleum,73.43
01/09/1997,total,221.11
01/09/1997,windsolarandhydro,0
01/09/1998,bioenergywaste,2.0799999
01/09/1998,coal,41.509998
01/09/1998,naturalgas,93.239998
01/09/1998,netimports,.61000001
01/09/1998,nuclear,26.879999
01/09/1998,petroleum,71.959999
01/09/1998,total,236.86
01/09/1998,windsolarandhydro,.57999998
01/09/1999,bioenergywaste,2.23
01/09/1999,coal,39.68
01/09/1999,naturalgas,98.129997
01/09/1999,netimports,1.12
01/09/1999,nuclear,21.42
01/09/1999,petroleum,70.980003
01/09/1999,total,234.03999
01/09/1999,windsolarandhydro,.47999999
01/09/2000,bioenergywaste,2.3099999
01/09/2000,coal,36.889999
01/09/2000,naturalgas,100.82
01/09/2000,netimports,1.4400001
01/09/2000,nuclear,18.74
01/09/2000,petroleum,79.389999
01/09/2000,total,240.12
01/09/2000,windsolarandhydro,.52999997
01/09/2001,bioenergywaste,2.53
01/09/2001,coal,43.77
01/09/2001,naturalgas,101.26
01/09/2001,netimports,.80000001
01/09/2001,nuclear,22.02
01/09/2001,petroleum,80.160004
01/09/2001,total,250.98
01/09/2001,windsolarandhydro,.44
01/09/2002,bioenergywaste,2.75
01/09/2002,coal,41.330002
01/09/2002,naturalgas,99.160004
01/09/2002,netimports,.36000001
01/09/2002,nuclear,20.639999
01/09/2002,petroleum,75.169998
01/09/2002,total,239.82001
01/09/2002,windsolarandhydro,.41
01/09/2003,bioenergywaste,3.1199999
01/09/2003,coal,43.07
01/09/2003,naturalgas,97.849998
01/09/2003,netimports,-.56999999
01/09/2003,nuclear,24.059999
01/09/2003,petroleum,73.389999
01/09/2003,total,241.21001
01/09/2003,windsolarandhydro,.28999999
01/09/2004,bioenergywaste,3.54
01/09/2004,coal,45.470001
01/09/2004,naturalgas,98.010002
01/09/2004,netimports,.60000002
01/09/2004,nuclear,17.280001
01/09/2004,petroleum,73.050003
01/09/2004,total,238.71001
01/09/2004,windsolarandhydro,.75999999
01/09/2005,bioenergywaste,3.8199999
01/09/2005,coal,39.73
01/09/2005,naturalgas,98.730003
01/09/2005,netimports,.38999999
01/09/2005,nuclear,16.48
01/09/2005,petroleum,80.220001
01/09/2005,total,240.05
01/09/2005,windsolarandhydro,.68000001
01/09/2006,bioenergywaste,4.1700001
01/09/2006,coal,44.439999
01/09/2006,naturalgas,92.440002
01/09/2006,netimports,.41
01/09/2006,nuclear,16.200001
01/09/2006,petroleum,73.370003
01/09/2006,total,231.82001
01/09/2006,windsolarandhydro,.79000002
01/09/2007,bioenergywaste,4.3699999
01/09/2007,coal,40.849998
01/09/2007,naturalgas,90.529999
01/09/2007,netimports,.85000002
01/09/2007,nuclear,16.23
01/09/2007,petroleum,76.230003
01/09/2007,total,229.94
01/09/2007,windsolarandhydro,.88
01/09/2008,bioenergywaste,6.0500002
01/09/2008,coal,40.68
01/09/2008,naturalgas,91.260002
01/09/2008,netimports,1.14
01/09/2008,nuclear,11.27
01/09/2008,petroleum,79.330002
01/09/2008,total,230.55
01/09/2008,windsolarandhydro,.81999999
01/09/2009,bioenergywaste,5.7399998
01/09/2009,coal,28.219999
01/09/2009,naturalgas,89.93
01/09/2009,netimports,-.23
01/09/2009,nuclear,15.55
01/09/2009,petroleum,69.07
01/09/2009,total,209.62
01/09/2009,windsolarandhydro,1.34
01/09/2010,bioenergywaste,6.6900001
01/09/2010,coal,32.52
01/09/2010,naturalgas,87.800003
01/09/2010,netimports,.50999999
01/09/2010,nuclear,12.54
01/09/2010,petroleum,70.190002
01/09/2010,total,211.64999
01/09/2010,windsolarandhydro,1.4
01/09/2011,bioenergywaste,7.1500001
01/09/2011,coal,32.290001
01/09/2011,naturalgas,82.760002
01/09/2011,netimports,.44999999
01/09/2011,nuclear,14.25
01/09/2011,petroleum,69.760002
01/09/2011,total,208.69
01/09/2011,windsolarandhydro,2.03
01/09/2012,bioenergywaste,6.8299999
01/09/2012,coal,41.900002
01/09/2012,naturalgas,67.650002
01/09/2012,netimports,1.4400001
01/09/2012,nuclear,16.84
01/09/2012,petroleum,68.839996
01/09/2012,total,206.22
01/09/2012,windsolarandhydro,2.72
01/09/2013,bioenergywaste,7.9400001
01/09/2013,coal,41.830002
01/09/2013,naturalgas,69.93
01/09/2013,netimports,1.42
01/09/2013,nuclear,16.139999
01/09/2013,petroleum,69.699997
01/09/2013,total,209.8
01/09/2013,windsolarandhydro,2.8399999
01/09/2014,bioenergywaste,9.75
01/09/2014,coal,38
01/09/2014,naturalgas,68.639999
01/09/2014,netimports,1.63
01/09/2014,nuclear,13.21
01/09/2014,petroleum,67.239998
01/09/2014,total,200.71001
01/09/2014,windsolarandhydro,2.24
01/09/2015,bioenergywaste,12.56
01/09/2015,coal,21.93
01/09/2015,naturalgas,72.269997
01/09/2015,netimports,2
01/09/2015,nuclear,14.95
01/09/2015,petroleum,68.339996
01/09/2015,total,195.77
01/09/2015,windsolarandhydro,3.72
01/09/2016,bioenergywaste,13.17
01/09/2016,coal,11.14
01/09/2016,naturalgas,77.209999
01/09/2016,netimports,1.21
01/09/2016,nuclear,16.370001
01/09/2016,petroleum,70.080002
01/09/2016,total,194.23
01/09/2016,windsolarandhydro,5.0500002
01/09/2017,bioenergywaste,14.76
01/09/2017,coal,10.3
01/09/2017,naturalgas,78.68
01/09/2017,netimports,1.55
01/09/2017,nuclear,15.44
01/09/2017,petroleum,71.260002
01/09/2017,total,197.84
01/09/2017,windsolarandhydro,5.8499999
01/09/2018,bioenergywaste,17
01/09/2018,coal,9.6499996
01/09/2018,naturalgas,72.339996
01/09/2018,netimports,1.3
01/09/2018,nuclear,14.25
01/09/2018,petroleum,69.790001
01/09/2018,total,191.62
01/09/2018,windsolarandhydro,7.29
01/09/2019,bioenergywaste,17.77
01/09/2019,coal,5.77
01/09/2019,naturalgas,71.389999
01/09/2019,netimports,1.34
01/09/2019,nuclear,12.61
01/09/2019,petroleum,69.370003
01/09/2019,total,185.89999
01/09/2019,windsolarandhydro,7.6500001
01/09/2020,bioenergywaste,18.049999
01/09/2020,coal,5.5700002
01/09/2020,naturalgas,71.110001
01/09/2020,netimports,.80000001
01/09/2020,nuclear,9.0299997
01/09/2020,petroleum,52.52
01/09/2020,total,164.8
01/09/2020,windsolarandhydro,7.7199998
01/09/2021,bioenergywaste,18.09
01/09/2021,coal,5.9499998
01/09/2021,naturalgas,76.239998
01/09/2021,netimports,2.04
01/09/2021,nuclear,9.3000002
01/09/2021,petroleum,61.09
01/09/2021,total,178.25999
01/09/2021,windsolarandhydro,5.5500002
01/10/1995,bioenergywaste,1.72
01/10/1995,coal,50.099998
01/10/1995,naturalgas,73.68
01/10/1995,netimports,0
01/10/1995,nuclear,22.52
01/10/1995,petroleum,90.379997
01/10/1995,total,238.39999
01/10/1995,windsolarandhydro,0
01/10/1996,bioenergywaste,1.77
01/10/1996,coal,42.119999
01/10/1996,naturalgas,84.059998
01/10/1996,netimports,0
01/10/1996,nuclear,23.73
01/10/1996,petroleum,92.209999
01/10/1996,total,243.89
01/10/1996,windsolarandhydro,0
01/10/1997,bioenergywaste,1.91
01/10/1997,coal,49.02
01/10/1997,naturalgas,87.849998
01/10/1997,netimports,1.37
01/10/1997,nuclear,19.76
01/10/1997,petroleum,72.529999
01/10/1997,total,232.44
01/10/1997,windsolarandhydro,0
01/10/1998,bioenergywaste,2.0799999
01/10/1998,coal,32.700001
01/10/1998,naturalgas,89.510002
01/10/1998,netimports,1.11
01/10/1998,nuclear,23
01/10/1998,petroleum,76.330002
01/10/1998,total,225.07001
01/10/1998,windsolarandhydro,.34
01/10/1999,bioenergywaste,2.23
01/10/1999,coal,36.630001
01/10/1999,naturalgas,97.599998
01/10/1999,netimports,1.23
01/10/1999,nuclear,22.08
01/10/1999,petroleum,80.07
01/10/1999,total,240.27
01/10/1999,windsolarandhydro,.43000001
01/10/2000,bioenergywaste,2.3099999
01/10/2000,coal,41.310001
01/10/2000,naturalgas,97.779999
01/10/2000,netimports,1.04
01/10/2000,nuclear,18.690001
01/10/2000,petroleum,75.730003
01/10/2000,total,237.42999
01/10/2000,windsolarandhydro,.56999999
01/10/2001,bioenergywaste,2.53
01/10/2001,coal,38.970001
01/10/2001,naturalgas,96.209999
01/10/2001,netimports,.98000002
01/10/2001,nuclear,23.66
01/10/2001,petroleum,78.790001
01/10/2001,total,241.8
01/10/2001,windsolarandhydro,.66000003
01/10/2002,bioenergywaste,2.75
01/10/2002,coal,40.529999
01/10/2002,naturalgas,99.260002
01/10/2002,netimports,.62
01/10/2002,nuclear,18.559999
01/10/2002,petroleum,66.949997
01/10/2002,total,228.99001
01/10/2002,windsolarandhydro,.31999999
01/10/2003,bioenergywaste,3.1300001
01/10/2003,coal,39.740002
01/10/2003,naturalgas,99.489998
01/10/2003,netimports,-.0099999998
01/10/2003,nuclear,19.76
01/10/2003,petroleum,68.650002
01/10/2003,total,231.11
01/10/2003,windsolarandhydro,.34999999
01/10/2004,bioenergywaste,3.72
01/10/2004,coal,38.34
01/10/2004,naturalgas,100.89
01/10/2004,netimports,1.15
01/10/2004,nuclear,19.16
01/10/2004,petroleum,84.699997
01/10/2004,total,248.67999
01/10/2004,windsolarandhydro,.72000003
01/10/2005,bioenergywaste,4.6900001
01/10/2005,coal,43.209999
01/10/2005,naturalgas,99.129997
01/10/2005,netimports,.93000001
01/10/2005,nuclear,17.459999
01/10/2005,petroleum,76.419998
01/10/2005,total,242.58
01/10/2005,windsolarandhydro,.74000001
01/10/2006,bioenergywaste,4.8699999
01/10/2006,coal,42.860001
01/10/2006,naturalgas,95.360001
01/10/2006,netimports,.75999999
01/10/2006,nuclear,13.9
01/10/2006,petroleum,73.379997
01/10/2006,total,231.96001
01/10/2006,windsolarandhydro,.82999998
01/10/2007,bioenergywaste,5.1199999
01/10/2007,coal,43.02
01/10/2007,naturalgas,93.309998
01/10/2007,netimports,.34999999
01/10/2007,nuclear,15.11
01/10/2007,petroleum,75.32
01/10/2007,total,232.99001
01/10/2007,windsolarandhydro,.75999999
01/10/2008,bioenergywaste,6.6599998
01/10/2008,coal,38.330002
01/10/2008,naturalgas,92.650002
01/10/2008,netimports,.60000002
01/10/2008,nuclear,13.18
01/10/2008,petroleum,75
01/10/2008,total,227.64
01/10/2008,windsolarandhydro,1.22
01/10/2009,bioenergywaste,7.6399999
01/10/2009,coal,33.16
01/10/2009,naturalgas,90.129997
01/10/2009,netimports,-.69999999
01/10/2009,nuclear,14.83
01/10/2009,petroleum,69.790001
01/10/2009,total,215.92
01/10/2009,windsolarandhydro,1.0700001
01/10/2010,bioenergywaste,8.5
01/10/2010,coal,32.080002
01/10/2010,naturalgas,86.709999
01/10/2010,netimports,-.37
01/10/2010,nuclear,17.629999
01/10/2010,petroleum,68.93
01/10/2010,total,215.00999
01/10/2010,windsolarandhydro,1.53
01/10/2011,bioenergywaste,8.6400003
01/10/2011,coal,34.220001
01/10/2011,naturalgas,79.830002
01/10/2011,netimports,.22
01/10/2011,nuclear,13.56
01/10/2011,petroleum,73.959999
01/10/2011,total,212.64
01/10/2011,windsolarandhydro,2.21
01/10/2012,bioenergywaste,9.4399996
01/10/2012,coal,39.07
01/10/2012,naturalgas,72.790001
01/10/2012,netimports,.67000002
01/10/2012,nuclear,15.81
01/10/2012,petroleum,69.360001
01/10/2012,total,209
01/10/2012,windsolarandhydro,1.86
01/10/2013,bioenergywaste,9.7399998
01/10/2013,coal,38.689999
01/10/2013,naturalgas,69.419998
01/10/2013,netimports,1.21
01/10/2013,nuclear,17.52
01/10/2013,petroleum,68.510002
01/10/2013,total,208.56
01/10/2013,windsolarandhydro,3.47
01/10/2014,bioenergywaste,12.87
01/10/2014,coal,30.809999
01/10/2014,naturalgas,70.889999
01/10/2014,netimports,1.52
01/10/2014,nuclear,11.03
01/10/2014,petroleum,69.110001
01/10/2014,total,200.03999
01/10/2014,windsolarandhydro,3.8099999
01/10/2015,bioenergywaste,13.22
01/10/2015,coal,23.98
01/10/2015,naturalgas,70.019997
01/10/2015,netimports,1.53
01/10/2015,nuclear,16.58
01/10/2015,petroleum,69.120003
01/10/2015,total,197.42999
01/10/2015,windsolarandhydro,2.98
01/10/2016,bioenergywaste,13.3
01/10/2016,coal,11.88
01/10/2016,naturalgas,78.699997
01/10/2016,netimports,.52999997
01/10/2016,nuclear,15.55
01/10/2016,petroleum,70.209999
01/10/2016,total,193.57001
01/10/2016,windsolarandhydro,3.4000001
01/10/2017,bioenergywaste,13.68
01/10/2017,coal,8.6499996
01/10/2017,naturalgas,77.019997
01/10/2017,netimports,.77999997
01/10/2017,nuclear,14.95
01/10/2017,petroleum,68.389999
01/10/2017,total,189.92
01/10/2017,windsolarandhydro,6.4499998
01/10/2018,bioenergywaste,16.68
01/10/2018,coal,7.6500001
01/10/2018,naturalgas,74.519997
01/10/2018,netimports,.91000003
01/10/2018,nuclear,11.28
01/10/2018,petroleum,66.709999
01/10/2018,total,184.55
01/10/2018,windsolarandhydro,6.8000002
01/10/2019,bioenergywaste,18.4
01/10/2019,coal,5.9200001
01/10/2019,naturalgas,74.25
01/10/2019,netimports,1.27
01/10/2019,nuclear,12.93
01/10/2019,petroleum,68.110001
01/10/2019,total,188.02
01/10/2019,windsolarandhydro,7.1399999
01/10/2020,bioenergywaste,17.93
01/10/2020,coal,4.9899998
01/10/2020,naturalgas,75.110001
01/10/2020,netimports,1.91
01/10/2020,nuclear,11.67
01/10/2020,petroleum,54.450001
01/10/2020,total,174.00999
01/10/2020,windsolarandhydro,7.9499998
01/10/2021,bioenergywaste,17.700001
01/10/2021,coal,5.1599998
01/10/2021,naturalgas,67.699997
01/10/2021,netimports,1.96
01/10/2021,nuclear,8.4099998
01/10/2021,petroleum,63.279999
01/10/2021,total,172.59
01/10/2021,windsolarandhydro,8.3800001
01/11/1995,bioenergywaste,1.72
01/11/1995,coal,44.049999
01/11/1995,naturalgas,77.18
01/11/1995,netimports,0
01/11/1995,nuclear,20.940001
01/11/1995,petroleum,73.419998
01/11/1995,total,217.31
01/11/1995,windsolarandhydro,0
01/11/1996,bioenergywaste,1.77
01/11/1996,coal,42.130001
01/11/1996,naturalgas,84.949997
01/11/1996,netimports,0
01/11/1996,nuclear,23.41
01/11/1996,petroleum,79.379997
01/11/1996,total,231.64
01/11/1996,windsolarandhydro,0
01/11/1997,bioenergywaste,1.91
01/11/1997,coal,40.369999
01/11/1997,naturalgas,92.18
01/11/1997,netimports,1.36
01/11/1997,nuclear,21.25
01/11/1997,petroleum,75.860001
01/11/1997,total,232.92999
01/11/1997,windsolarandhydro,0
01/11/1998,bioenergywaste,2.0799999
01/11/1998,coal,40.75
01/11/1998,naturalgas,93.760002
01/11/1998,netimports,1.1799999
01/11/1998,nuclear,24.549999
01/11/1998,petroleum,76.239998
01/11/1998,total,239.09
01/11/1998,windsolarandhydro,.52999997
01/11/1999,bioenergywaste,2.23
01/11/1999,coal,36.41
01/11/1999,naturalgas,100.18
01/11/1999,netimports,1.11
01/11/1999,nuclear,20.799999
01/11/1999,petroleum,75.290001
01/11/1999,total,236.48
01/11/1999,windsolarandhydro,.46000001
01/11/2000,bioenergywaste,2.3099999
01/11/2000,coal,40.189999
01/11/2000,naturalgas,99.370003
01/11/2000,netimports,1.11
01/11/2000,nuclear,19.629999
01/11/2000,petroleum,79.989998
01/11/2000,total,243.09
01/11/2000,windsolarandhydro,.49000001
01/11/2001,bioenergywaste,2.53
01/11/2001,coal,35.700001
01/11/2001,naturalgas,96.510002
01/11/2001,netimports,.49000001
01/11/2001,nuclear,22.58
01/11/2001,petroleum,77.199997
01/11/2001,total,235.52
01/11/2001,windsolarandhydro,.50999999
01/11/2002,bioenergywaste,2.75
01/11/2002,coal,39.48
01/11/2002,naturalgas,98.400002
01/11/2002,netimports,1.24
01/11/2002,nuclear,19.17
01/11/2002,petroleum,70.440002
01/11/2002,total,231.95
01/11/2002,windsolarandhydro,.47
01/11/2003,bioenergywaste,3.1300001
01/11/2003,coal,34.099998
01/11/2003,naturalgas,100
01/11/2003,netimports,.34999999
01/11/2003,nuclear,19.17
01/11/2003,petroleum,75.699997
01/11/2003,total,232.86
01/11/2003,windsolarandhydro,.41
01/11/2004,bioenergywaste,3.72
01/11/2004,coal,39.169998
01/11/2004,naturalgas,101
01/11/2004,netimports,.67000002
01/11/2004,nuclear,18.200001
01/11/2004,petroleum,70.690002
01/11/2004,total,234.03
01/11/2004,windsolarandhydro,.57999998
01/11/2005,bioenergywaste,4.6900001
01/11/2005,coal,45.299999
01/11/2005,naturalgas,91.959999
01/11/2005,netimports,1.05
01/11/2005,nuclear,18.73
01/11/2005,petroleum,80.660004
01/11/2005,total,243.13
01/11/2005,windsolarandhydro,.74000001
01/11/2006,bioenergywaste,4.8699999
01/11/2006,coal,43.279999
01/11/2006,naturalgas,92.790001
01/11/2006,netimports,.73000002
01/11/2006,nuclear,13.95
01/11/2006,petroleum,82.940002
01/11/2006,total,239.42999
01/11/2006,windsolarandhydro,.87
01/11/2007,bioenergywaste,5.1199999
01/11/2007,coal,42.700001
01/11/2007,naturalgas,92.239998
01/11/2007,netimports,.36000001
01/11/2007,nuclear,14.47
01/11/2007,petroleum,72.440002
01/11/2007,total,228.12
01/11/2007,windsolarandhydro,.79000002
01/11/2008,bioenergywaste,6.6599998
01/11/2008,coal,36.93
01/11/2008,naturalgas,88.550003
01/11/2008,netimports,.56999999
01/11/2008,nuclear,12.52
01/11/2008,petroleum,68.620003
01/11/2008,total,214.92999
01/11/2008,windsolarandhydro,1.08
01/11/2009,bioenergywaste,7.6399999
01/11/2009,coal,26.92
01/11/2009,naturalgas,92.949997
01/11/2009,netimports,-.31999999
01/11/2009,nuclear,16.08
01/11/2009,petroleum,68.019997
01/11/2009,total,212.63
01/11/2009,windsolarandhydro,1.34
01/11/2010,bioenergywaste,8.5
01/11/2010,coal,33.09
01/11/2010,naturalgas,86.099998
01/11/2010,netimports,.2
01/11/2010,nuclear,14.63
01/11/2010,petroleum,73.75
01/11/2010,total,217.74001
01/11/2010,windsolarandhydro,1.47
01/11/2011,bioenergywaste,8.6400003
01/11/2011,coal,40.91
01/11/2011,naturalgas,78
01/11/2011,netimports,-.14
01/11/2011,nuclear,13.9
01/11/2011,petroleum,69.349998
01/11/2011,total,212.78999
01/11/2011,windsolarandhydro,2.1300001
01/11/2012,bioenergywaste,9.4399996
01/11/2012,coal,37.02
01/11/2012,naturalgas,72.559998
01/11/2012,netimports,1.12
01/11/2012,nuclear,14.53
01/11/2012,petroleum,64.830002
01/11/2012,total,202.03999
01/11/2012,windsolarandhydro,2.54
01/11/2013,bioenergywaste,9.7399998
01/11/2013,coal,34.41
01/11/2013,naturalgas,71.57
01/11/2013,netimports,1.35
01/11/2013,nuclear,16.799999
01/11/2013,petroleum,68.529999
01/11/2013,total,205.85001
01/11/2013,windsolarandhydro,3.45
01/11/2014,bioenergywaste,12.87
01/11/2014,coal,30.32
01/11/2014,naturalgas,72.449997
01/11/2014,netimports,1.9299999
01/11/2014,nuclear,11.03
01/11/2014,petroleum,65.480003
01/11/2014,total,197.59
01/11/2014,windsolarandhydro,3.51
01/11/2015,bioenergywaste,13.4
01/11/2015,coal,18.860001
01/11/2015,naturalgas,72.730003
01/11/2015,netimports,1.49
01/11/2015,nuclear,16.25
01/11/2015,petroleum,67
01/11/2015,total,195.06
01/11/2015,windsolarandhydro,5.3299999
01/11/2016,bioenergywaste,13.48
01/11/2016,coal,11.07
01/11/2016,naturalgas,80.169998
01/11/2016,netimports,.67000002
01/11/2016,nuclear,16.690001
01/11/2016,petroleum,67.32
01/11/2016,total,193.41
01/11/2016,windsolarandhydro,4.0100002
01/11/2017,bioenergywaste,13.84
01/11/2017,coal,11.13
01/11/2017,naturalgas,78.300003
01/11/2017,netimports,-.039999999
01/11/2017,nuclear,13.85
01/11/2017,petroleum,71.519997
01/11/2017,total,194.73
01/11/2017,windsolarandhydro,6.1300001
01/11/2018,bioenergywaste,16.83
01/11/2018,coal,8.2700005
01/11/2018,naturalgas,74.449997
01/11/2018,netimports,1.1799999
01/11/2018,nuclear,12.12
01/11/2018,petroleum,72.129997
01/11/2018,total,192.39
01/11/2018,windsolarandhydro,7.4099998
01/11/2019,bioenergywaste,18.51
01/11/2019,coal,5.6599998
01/11/2019,naturalgas,76.339996
01/11/2019,netimports,2
01/11/2019,nuclear,13.05
01/11/2019,petroleum,67.110001
01/11/2019,total,188.73
01/11/2019,windsolarandhydro,6.0599999
01/11/2020,bioenergywaste,18
01/11/2020,coal,4.5700002
01/11/2020,naturalgas,72.300003
01/11/2020,netimports,1.96
01/11/2020,nuclear,11.34
01/11/2020,petroleum,52.91
01/11/2020,total,168.67
01/11/2020,windsolarandhydro,7.5900002
01/12/1995,bioenergywaste,1.72
01/12/1995,coal,55.959999
01/12/1995,naturalgas,84.559998
01/12/1995,netimports,0
01/12/1995,nuclear,22.200001
01/12/1995,petroleum,75.849998
01/12/1995,total,240.28999
01/12/1995,windsolarandhydro,0
01/12/1996,bioenergywaste,1.77
01/12/1996,coal,38.869999
01/12/1996,naturalgas,89.910004
01/12/1996,netimports,0
01/12/1996,nuclear,24.51
01/12/1996,petroleum,74.330002
01/12/1996,total,229.39
01/12/1996,windsolarandhydro,0
01/12/1997,bioenergywaste,1.91
01/12/1997,coal,41.549999
01/12/1997,naturalgas,93.059998
01/12/1997,netimports,1.66
01/12/1997,nuclear,20.68
01/12/1997,petroleum,83.589996
01/12/1997,total,242.45
01/12/1997,windsolarandhydro,0
01/12/1998,bioenergywaste,2.0799999
01/12/1998,coal,37.830002
01/12/1998,naturalgas,100.31
01/12/1998,netimports,1.24
01/12/1998,nuclear,25.639999
01/12/1998,petroleum,79.260002
01/12/1998,total,246.86
01/12/1998,windsolarandhydro,.5
01/12/1999,bioenergywaste,2.23
01/12/1999,coal,40.419998
01/12/1999,naturalgas,106.27
01/12/1999,netimports,1.39
01/12/1999,nuclear,19.459999
01/12/1999,petroleum,75.110001
01/12/1999,total,245.46001
01/12/1999,windsolarandhydro,.57999998
01/12/2000,bioenergywaste,2.3099999
01/12/2000,coal,36.099998
01/12/2000,naturalgas,104.8
01/12/2000,netimports,1.4
01/12/2000,nuclear,19.23
01/12/2000,petroleum,79.68
01/12/2000,total,244.05
01/12/2000,windsolarandhydro,.52999997
01/12/2001,bioenergywaste,2.53
01/12/2001,coal,38.849998
01/12/2001,naturalgas,101.13
01/12/2001,netimports,.47999999
01/12/2001,nuclear,21.83
01/12/2001,petroleum,77.589996
01/12/2001,total,242.85001
01/12/2001,windsolarandhydro,.44
01/12/2002,bioenergywaste,2.75
01/12/2002,coal,40.639999
01/12/2002,naturalgas,100.96
01/12/2002,netimports,1.4
01/12/2002,nuclear,22.700001
01/12/2002,petroleum,68.870003
01/12/2002,total,237.67999
01/12/2002,windsolarandhydro,.36000001
01/12/2003,bioenergywaste,3.1300001
01/12/2003,coal,42.16
01/12/2003,naturalgas,101.46
01/12/2003,netimports,.98000002
01/12/2003,nuclear,20.52
01/12/2003,petroleum,77.5
01/12/2003,total,246.27
01/12/2003,windsolarandhydro,.51999998
01/12/2004,bioenergywaste,3.72
01/12/2004,coal,40.060001
01/12/2004,naturalgas,99.400002
01/12/2004,netimports,.72000003
01/12/2004,nuclear,17.870001
01/12/2004,petroleum,81.879997
01/12/2004,total,244.28
01/12/2004,windsolarandhydro,.63
01/12/2005,bioenergywaste,4.6900001
01/12/2005,coal,43.290001
01/12/2005,naturalgas,90.639999
01/12/2005,netimports,.97000003
01/12/2005,nuclear,17.93
01/12/2005,petroleum,77.709999
01/12/2005,total,235.85001
01/12/2005,windsolarandhydro,.62
01/12/2006,bioenergywaste,4.8699999
01/12/2006,coal,41.959999
01/12/2006,naturalgas,92.900002
01/12/2006,netimports,.19
01/12/2006,nuclear,13.91
01/12/2006,petroleum,78.150002
01/12/2006,total,232.96001
01/12/2006,windsolarandhydro,.98000002
01/12/2007,bioenergywaste,5.1199999
01/12/2007,coal,42.709999
01/12/2007,naturalgas,92.309998
01/12/2007,netimports,-.15000001
01/12/2007,nuclear,13.06
01/12/2007,petroleum,76.370003
01/12/2007,total,230.32001
01/12/2007,windsolarandhydro,.89999998
01/12/2008,bioenergywaste,6.6599998
01/12/2008,coal,36.16
01/12/2008,naturalgas,86.800003
01/12/2008,netimports,.2
01/12/2008,nuclear,13.75
01/12/2008,petroleum,74.82
01/12/2008,total,219.44
01/12/2008,windsolarandhydro,1.05
01/12/2009,bioenergywaste,7.6399999
01/12/2009,coal,27.52
01/12/2009,naturalgas,93.440002
01/12/2009,netimports,-.31999999
01/12/2009,nuclear,14.46
01/12/2009,petroleum,70.879997
01/12/2009,total,214.67
01/12/2009,windsolarandhydro,1.05
01/12/2010,bioenergywaste,8.5
01/12/2010,coal,33.509998
01/12/2010,naturalgas,88.32
01/12/2010,netimports,.34999999
01/12/2010,nuclear,16.02
01/12/2010,petroleum,75.32
01/12/2010,total,222.92999
01/12/2010,windsolarandhydro,.91000003
01/12/2011,bioenergywaste,8.6400003
01/12/2011,coal,37.91
01/12/2011,naturalgas,74.900002
01/12/2011,netimports,1.23
01/12/2011,nuclear,14.06
01/12/2011,petroleum,64.300003
01/12/2011,total,203.44
01/12/2011,windsolarandhydro,2.4000001
01/12/2012,bioenergywaste,9.4399996
01/12/2012,coal,38.860001
01/12/2012,naturalgas,72.230003
01/12/2012,netimports,.99000001
01/12/2012,nuclear,15.13
01/12/2012,petroleum,72.650002
01/12/2012,total,211.83
01/12/2012,windsolarandhydro,2.53
01/12/2013,bioenergywaste,9.7399998
01/12/2013,coal,34.32
01/12/2013,naturalgas,68.910004
01/12/2013,netimports,.94999999
01/12/2013,nuclear,15.44
01/12/2013,petroleum,65.519997
01/12/2013,total,198.63
01/12/2013,windsolarandhydro,3.75
01/12/2014,bioenergywaste,12.87
01/12/2014,coal,27.16
01/12/2014,naturalgas,69.849998
01/12/2014,netimports,1.84
01/12/2014,nuclear,14.53
01/12/2014,petroleum,67.519997
01/12/2014,total,197.78
01/12/2014,windsolarandhydro,4.0100002
01/12/2015,bioenergywaste,13.55
01/12/2015,coal,18.209999
01/12/2015,naturalgas,68.949997
01/12/2015,netimports,1.74
01/12/2015,nuclear,15.98
01/12/2015,petroleum,70.610001
01/12/2015,total,194.33
01/12/2015,windsolarandhydro,5.29
01/12/2016,bioenergywaste,13.59
01/12/2016,coal,12.39
01/12/2016,naturalgas,79.209999
01/12/2016,netimports,.44999999
01/12/2016,nuclear,15.3
01/12/2016,petroleum,71.160004
01/12/2016,total,196.13
01/12/2016,windsolarandhydro,4.0300002
01/12/2017,bioenergywaste,13.93
01/12/2017,coal,13.05
01/12/2017,naturalgas,78.349998
01/12/2017,netimports,.91000003
01/12/2017,nuclear,12.71
01/12/2017,petroleum,71.650002
01/12/2017,total,196.63
01/12/2017,windsolarandhydro,6.0300002
01/12/2018,bioenergywaste,16.9
01/12/2018,coal,6.9000001
01/12/2018,naturalgas,74.110001
01/12/2018,netimports,1.6799999
01/12/2018,nuclear,12.44
01/12/2018,petroleum,70.629997
01/12/2018,total,189.28
01/12/2018,windsolarandhydro,6.6199999
01/12/2019,bioenergywaste,18.549999
01/12/2019,coal,5.9200001
01/12/2019,naturalgas,71.25
01/12/2019,netimports,1.9400001
01/12/2019,nuclear,12.2
01/12/2019,petroleum,68.989998
01/12/2019,total,186.69
01/12/2019,windsolarandhydro,7.8400002
01/12/2020,bioenergywaste,18.030001
01/12/2020,coal,4.9299998
01/12/2020,naturalgas,73.099998
01/12/2020,netimports,1.61
01/12/2020,nuclear,11.42
01/12/2020,petroleum,51.41
01/12/2020,total,168.10001
01/12/2020,windsolarandhydro,7.5999999
